NÂ°;Secondes;Brut;Volts;Date
    138;   120; 67;1.348;Sun Dec 18 10:27:59 2016
    277;   240; 67;1.348;Sun Dec 18 10:29:59 2016
    416;   360; 66;1.328;Sun Dec 18 10:31:59 2016
    555;   480; 66;1.328;Sun Dec 18 10:33:59 2016
    694;   600; 66;1.328;Sun Dec 18 10:35:59 2016
    833;   720; 66;1.328;Sun Dec 18 10:37:59 2016
    973;   840; 66;1.328;Sun Dec 18 10:39:59 2016
   1112;   960; 66;1.328;Sun Dec 18 10:41:59 2016
   1251;  1080; 66;1.328;Sun Dec 18 10:43:59 2016
   1390;  1200; 66;1.328;Sun Dec 18 10:45:59 2016
   1529;  1320; 66;1.328;Sun Dec 18 10:47:59 2016
   1668;  1440; 66;1.328;Sun Dec 18 10:49:59 2016
   1807;  1560; 65;1.309;Sun Dec 18 10:51:59 2016
   1947;  1680; 65;1.309;Sun Dec 18 10:53:59 2016
   2086;  1800; 65;1.309;Sun Dec 18 10:55:59 2016
   2225;  1920; 65;1.309;Sun Dec 18 10:57:59 2016
   2364;  2040; 65;1.309;Sun Dec 18 10:59:59 2016
   2503;  2160; 65;1.309;Sun Dec 18 11:01:59 2016
   2643;  2280; 65;1.309;Sun Dec 18 11:03:59 2016
   2782;  2400; 65;1.309;Sun Dec 18 11:05:59 2016
   2921;  2520; 65;1.309;Sun Dec 18 11:07:59 2016
   3060;  2640; 65;1.309;Sun Dec 18 11:09:59 2016
   3199;  2760; 65;1.309;Sun Dec 18 11:11:59 2016
   3338;  2880; 65;1.309;Sun Dec 18 11:13:59 2016
   3478;  3000; 65;1.309;Sun Dec 18 11:15:59 2016
   3616;  3120; 65;1.309;Sun Dec 18 11:17:59 2016
   3755;  3240; 65;1.309;Sun Dec 18 11:19:59 2016
   3895;  3360; 65;1.309;Sun Dec 18 11:21:59 2016
   4034;  3480; 65;1.309;Sun Dec 18 11:23:59 2016
   4173;  3600; 65;1.309;Sun Dec 18 11:25:59 2016
   4312;  3720; 65;1.309;Sun Dec 18 11:27:59 2016
   4451;  3840; 65;1.309;Sun Dec 18 11:29:59 2016
   4591;  3960; 64;1.289;Sun Dec 18 11:31:59 2016
   4730;  4080; 65;1.309;Sun Dec 18 11:33:59 2016
   4869;  4200; 65;1.309;Sun Dec 18 11:35:59 2016
   5008;  4320; 64;1.289;Sun Dec 18 11:37:59 2016
   5147;  4440; 64;1.289;Sun Dec 18 11:39:59 2016
   5286;  4560; 64;1.289;Sun Dec 18 11:41:59 2016
   5426;  4680; 64;1.289;Sun Dec 18 11:43:59 2016
   5565;  4800; 64;1.289;Sun Dec 18 11:45:59 2016
   5704;  4920; 64;1.289;Sun Dec 18 11:47:59 2016
   5843;  5040; 64;1.289;Sun Dec 18 11:49:59 2016
   5982;  5160; 64;1.289;Sun Dec 18 11:51:59 2016
   6122;  5280; 64;1.289;Sun Dec 18 11:53:59 2016
   6261;  5400; 64;1.289;Sun Dec 18 11:55:59 2016
   6400;  5520; 64;1.289;Sun Dec 18 11:57:59 2016
   6539;  5640; 64;1.289;Sun Dec 18 11:59:59 2016
   6678;  5760; 64;1.289;Sun Dec 18 12:01:59 2016
   6818;  5880; 64;1.289;Sun Dec 18 12:03:59 2016
   6957;  6000; 64;1.289;Sun Dec 18 12:05:59 2016
   7096;  6120; 64;1.289;Sun Dec 18 12:07:59 2016
   7235;  6240; 64;1.289;Sun Dec 18 12:09:59 2016
   7374;  6360; 64;1.289;Sun Dec 18 12:11:59 2016
   7513;  6480; 64;1.289;Sun Dec 18 12:13:59 2016
   7653;  6600; 64;1.289;Sun Dec 18 12:15:59 2016
   7791;  6720; 64;1.289;Sun Dec 18 12:17:59 2016
   7930;  6840; 64;1.289;Sun Dec 18 12:19:59 2016
   8070;  6960; 64;1.289;Sun Dec 18 12:21:59 2016
   8209;  7080; 64;1.289;Sun Dec 18 12:23:59 2016
   8348;  7200; 64;1.289;Sun Dec 18 12:25:59 2016
   8487;  7320; 64;1.289;Sun Dec 18 12:27:59 2016
   8626;  7440; 64;1.289;Sun Dec 18 12:29:59 2016
   8765;  7560; 64;1.289;Sun Dec 18 12:31:59 2016
   8905;  7680; 64;1.289;Sun Dec 18 12:33:59 2016
   9043;  7800; 64;1.289;Sun Dec 18 12:35:59 2016
   9182;  7920; 64;1.289;Sun Dec 18 12:37:59 2016
   9321;  8040; 64;1.289;Sun Dec 18 12:39:59 2016
   9461;  8160; 64;1.289;Sun Dec 18 12:41:59 2016
   9600;  8280; 64;1.289;Sun Dec 18 12:43:59 2016
   9739;  8400; 64;1.289;Sun Dec 18 12:45:59 2016
   9877;  8520; 64;1.289;Sun Dec 18 12:47:59 2016
  10017;  8640; 64;1.289;Sun Dec 18 12:49:59 2016
  10156;  8760; 64;1.289;Sun Dec 18 12:51:59 2016
  10295;  8880; 64;1.289;Sun Dec 18 12:53:59 2016
  10434;  9000; 64;1.289;Sun Dec 18 12:55:59 2016
  10573;  9120; 64;1.289;Sun Dec 18 12:57:59 2016
  10712;  9240; 64;1.289;Sun Dec 18 12:59:59 2016
  10851;  9360; 64;1.289;Sun Dec 18 13:01:59 2016
  10990;  9480; 64;1.289;Sun Dec 18 13:03:59 2016
  11129;  9600; 64;1.289;Sun Dec 18 13:05:59 2016
  11268;  9720; 64;1.289;Sun Dec 18 13:07:59 2016
  11407;  9840; 64;1.289;Sun Dec 18 13:09:59 2016
  11546;  9960; 64;1.289;Sun Dec 18 13:11:59 2016
  11685; 10080; 64;1.289;Sun Dec 18 13:13:59 2016
  11824; 10200; 64;1.289;Sun Dec 18 13:15:59 2016
  11963; 10320; 64;1.289;Sun Dec 18 13:17:59 2016
  12102; 10440; 64;1.289;Sun Dec 18 13:19:59 2016
  12241; 10560; 64;1.289;Sun Dec 18 13:21:59 2016
  12380; 10680; 64;1.289;Sun Dec 18 13:23:59 2016
  12520; 10800; 64;1.289;Sun Dec 18 13:25:59 2016
  12659; 10920; 64;1.289;Sun Dec 18 13:27:59 2016
  12798; 11040; 64;1.289;Sun Dec 18 13:29:59 2016
  12937; 11160; 64;1.289;Sun Dec 18 13:31:59 2016
  13076; 11280; 64;1.289;Sun Dec 18 13:33:59 2016
  13215; 11400; 64;1.289;Sun Dec 18 13:35:59 2016
  13354; 11520; 64;1.289;Sun Dec 18 13:37:59 2016
  13493; 11640; 64;1.289;Sun Dec 18 13:39:59 2016
  13633; 11760; 64;1.289;Sun Dec 18 13:41:59 2016
  13771; 11880; 64;1.289;Sun Dec 18 13:43:59 2016
  13910; 12000; 64;1.289;Sun Dec 18 13:45:59 2016
  14049; 12120; 64;1.289;Sun Dec 18 13:47:59 2016
  14188; 12240; 64;1.289;Sun Dec 18 13:49:59 2016
  14328; 12360; 64;1.289;Sun Dec 18 13:51:59 2016
  14467; 12480; 64;1.289;Sun Dec 18 13:53:59 2016
  14606; 12600; 64;1.289;Sun Dec 18 13:55:59 2016
  14745; 12720; 64;1.289;Sun Dec 18 13:57:59 2016
  14884; 12840; 63;1.269;Sun Dec 18 13:59:59 2016
  15023; 12960; 64;1.289;Sun Dec 18 14:01:59 2016
  15162; 13080; 63;1.269;Sun Dec 18 14:03:59 2016
  15301; 13200; 63;1.269;Sun Dec 18 14:05:59 2016
  15440; 13320; 63;1.269;Sun Dec 18 14:07:59 2016
  15579; 13440; 63;1.269;Sun Dec 18 14:09:59 2016
  15718; 13560; 63;1.269;Sun Dec 18 14:11:59 2016
  15857; 13680; 63;1.269;Sun Dec 18 14:13:59 2016
  15996; 13800; 63;1.269;Sun Dec 18 14:15:59 2016
  16135; 13920; 63;1.269;Sun Dec 18 14:17:59 2016
  16274; 14040; 63;1.269;Sun Dec 18 14:19:59 2016
  16413; 14160; 63;1.269;Sun Dec 18 14:21:59 2016
  16552; 14280; 63;1.269;Sun Dec 18 14:23:59 2016
  16691; 14400; 63;1.269;Sun Dec 18 14:25:59 2016
  16830; 14520; 63;1.269;Sun Dec 18 14:27:59 2016
  16969; 14640; 63;1.269;Sun Dec 18 14:29:59 2016
  17107; 14760; 63;1.269;Sun Dec 18 14:31:59 2016
  17246; 14880; 63;1.269;Sun Dec 18 14:33:59 2016
  17386; 15000; 63;1.269;Sun Dec 18 14:35:59 2016
  17525; 15120; 63;1.269;Sun Dec 18 14:37:59 2016
  17664; 15240; 63;1.269;Sun Dec 18 14:39:59 2016
  17803; 15360; 63;1.269;Sun Dec 18 14:41:59 2016
  17942; 15480; 63;1.269;Sun Dec 18 14:43:59 2016
  18081; 15600; 63;1.269;Sun Dec 18 14:45:59 2016
  18220; 15720; 63;1.269;Sun Dec 18 14:47:59 2016
  18359; 15840; 63;1.269;Sun Dec 18 14:49:59 2016
  18498; 15960; 63;1.269;Sun Dec 18 14:51:59 2016
  18637; 16080; 63;1.269;Sun Dec 18 14:53:59 2016
  18777; 16200; 63;1.269;Sun Dec 18 14:55:59 2016
  18916; 16320; 63;1.269;Sun Dec 18 14:57:59 2016
  19055; 16440; 63;1.269;Sun Dec 18 14:59:59 2016
  19194; 16560; 63;1.269;Sun Dec 18 15:01:59 2016
  19333; 16680; 63;1.269;Sun Dec 18 15:03:59 2016
  19472; 16800; 63;1.269;Sun Dec 18 15:05:59 2016
  19612; 16920; 63;1.269;Sun Dec 18 15:07:59 2016
  19751; 17040; 63;1.269;Sun Dec 18 15:09:59 2016
  19890; 17160; 63;1.269;Sun Dec 18 15:11:59 2016
  20029; 17280; 63;1.269;Sun Dec 18 15:13:59 2016
  20168; 17400; 63;1.269;Sun Dec 18 15:15:59 2016
  20307; 17520; 63;1.269;Sun Dec 18 15:17:59 2016
  20446; 17640; 63;1.269;Sun Dec 18 15:19:59 2016
  20585; 17760; 63;1.269;Sun Dec 18 15:21:59 2016
  20724; 17880; 63;1.269;Sun Dec 18 15:23:59 2016
  20864; 18000; 63;1.269;Sun Dec 18 15:25:59 2016
  21003; 18120; 63;1.269;Sun Dec 18 15:27:59 2016
  21142; 18240; 63;1.269;Sun Dec 18 15:29:59 2016
  21281; 18360; 63;1.269;Sun Dec 18 15:31:59 2016
  21420; 18480; 63;1.269;Sun Dec 18 15:33:59 2016
  21559; 18600; 63;1.269;Sun Dec 18 15:35:59 2016
  21698; 18720; 63;1.269;Sun Dec 18 15:37:59 2016
  21837; 18840; 63;1.269;Sun Dec 18 15:39:59 2016
  21976; 18960; 63;1.269;Sun Dec 18 15:41:59 2016
  22116; 19080; 63;1.269;Sun Dec 18 15:43:59 2016
  22255; 19200; 63;1.269;Sun Dec 18 15:45:59 2016
  22394; 19320; 63;1.269;Sun Dec 18 15:47:59 2016
  22533; 19440; 63;1.269;Sun Dec 18 15:49:59 2016
  22672; 19560; 63;1.269;Sun Dec 18 15:51:59 2016
  22812; 19680; 63;1.269;Sun Dec 18 15:53:59 2016
  22951; 19800; 63;1.269;Sun Dec 18 15:55:59 2016
  23090; 19920; 63;1.269;Sun Dec 18 15:57:59 2016
  23229; 20040; 63;1.269;Sun Dec 18 15:59:59 2016
  23367; 20160; 63;1.269;Sun Dec 18 16:01:59 2016
  23507; 20280; 63;1.269;Sun Dec 18 16:03:59 2016
  23646; 20400; 63;1.269;Sun Dec 18 16:05:59 2016
  23785; 20520; 63;1.269;Sun Dec 18 16:07:59 2016
  23924; 20640; 63;1.269;Sun Dec 18 16:09:59 2016
  24063; 20760; 63;1.269;Sun Dec 18 16:11:59 2016
  24202; 20880; 63;1.269;Sun Dec 18 16:13:59 2016
  24341; 21000; 63;1.269;Sun Dec 18 16:15:59 2016
  24480; 21120; 63;1.269;Sun Dec 18 16:17:59 2016
  24620; 21240; 63;1.269;Sun Dec 18 16:19:59 2016
  24759; 21360; 63;1.269;Sun Dec 18 16:21:59 2016
  24897; 21480; 63;1.269;Sun Dec 18 16:23:59 2016
  25036; 21600; 63;1.269;Sun Dec 18 16:25:59 2016
  25175; 21720; 63;1.269;Sun Dec 18 16:27:59 2016
  25314; 21840; 63;1.269;Sun Dec 18 16:29:59 2016
  25453; 21960; 63;1.269;Sun Dec 18 16:31:59 2016
  25593; 22080; 63;1.269;Sun Dec 18 16:33:59 2016
  25732; 22200; 63;1.269;Sun Dec 18 16:35:59 2016
  25871; 22320; 63;1.269;Sun Dec 18 16:37:59 2016
  26010; 22440; 63;1.269;Sun Dec 18 16:39:59 2016
  26149; 22560; 63;1.269;Sun Dec 18 16:41:59 2016
  26288; 22680; 63;1.269;Sun Dec 18 16:43:59 2016
  26427; 22800; 63;1.269;Sun Dec 18 16:45:59 2016
  26566; 22920; 63;1.269;Sun Dec 18 16:47:59 2016
  26705; 23040; 63;1.269;Sun Dec 18 16:49:59 2016
  26845; 23160; 63;1.269;Sun Dec 18 16:51:59 2016
  26984; 23280; 63;1.269;Sun Dec 18 16:53:59 2016
  27123; 23400; 63;1.269;Sun Dec 18 16:55:59 2016
  27262; 23520; 63;1.269;Sun Dec 18 16:57:59 2016
  27401; 23640; 63;1.269;Sun Dec 18 16:59:59 2016
  27541; 23760; 63;1.269;Sun Dec 18 17:01:59 2016
  27680; 23880; 63;1.269;Sun Dec 18 17:03:59 2016
  27819; 24000; 62;1.250;Sun Dec 18 17:05:59 2016
  27958; 24120; 62;1.250;Sun Dec 18 17:07:59 2016
  28097; 24240; 62;1.250;Sun Dec 18 17:09:59 2016
  28236; 24360; 62;1.250;Sun Dec 18 17:11:59 2016
  28374; 24480; 62;1.250;Sun Dec 18 17:13:59 2016
  28513; 24600; 62;1.250;Sun Dec 18 17:15:59 2016
  28652; 24720; 62;1.250;Sun Dec 18 17:17:59 2016
  28791; 24840; 62;1.250;Sun Dec 18 17:19:59 2016
  28931; 24960; 62;1.250;Sun Dec 18 17:21:59 2016
  29070; 25080; 62;1.250;Sun Dec 18 17:23:59 2016
  29209; 25200; 62;1.250;Sun Dec 18 17:25:59 2016
  29348; 25320; 62;1.250;Sun Dec 18 17:27:59 2016
  29487; 25440; 62;1.250;Sun Dec 18 17:29:59 2016
  29626; 25560; 62;1.250;Sun Dec 18 17:31:59 2016
  29765; 25680; 62;1.250;Sun Dec 18 17:33:59 2016
  29904; 25800; 62;1.250;Sun Dec 18 17:35:59 2016
  30044; 25920; 62;1.250;Sun Dec 18 17:37:59 2016
  30183; 26040; 62;1.250;Sun Dec 18 17:39:59 2016
  30322; 26160; 62;1.250;Sun Dec 18 17:41:59 2016
  30461; 26280; 62;1.250;Sun Dec 18 17:43:59 2016
  30600; 26400; 62;1.250;Sun Dec 18 17:45:59 2016
  30739; 26520; 62;1.250;Sun Dec 18 17:47:59 2016
  30878; 26640; 62;1.250;Sun Dec 18 17:49:59 2016
  31017; 26760; 62;1.250;Sun Dec 18 17:51:59 2016
  31157; 26880; 62;1.250;Sun Dec 18 17:53:59 2016
  31296; 27000; 62;1.250;Sun Dec 18 17:55:59 2016
  31435; 27120; 62;1.250;Sun Dec 18 17:57:59 2016
  31574; 27240; 62;1.250;Sun Dec 18 17:59:59 2016
  31712; 27360; 62;1.250;Sun Dec 18 18:01:59 2016
  31851; 27480; 62;1.250;Sun Dec 18 18:03:59 2016
  31991; 27600; 62;1.250;Sun Dec 18 18:05:59 2016
  32130; 27720; 62;1.250;Sun Dec 18 18:07:59 2016
  32269; 27840; 62;1.250;Sun Dec 18 18:09:59 2016
  32408; 27960; 62;1.250;Sun Dec 18 18:11:59 2016
  32547; 28080; 62;1.250;Sun Dec 18 18:13:59 2016
  32686; 28200; 62;1.250;Sun Dec 18 18:15:59 2016
  32825; 28320; 62;1.250;Sun Dec 18 18:17:59 2016
  32964; 28440; 62;1.250;Sun Dec 18 18:19:59 2016
  33104; 28560; 62;1.250;Sun Dec 18 18:21:59 2016
  33240; 28680; 62;1.250;Sun Dec 18 18:23:59 2016
  33379; 28800; 62;1.250;Sun Dec 18 18:25:59 2016
  33518; 28920; 62;1.250;Sun Dec 18 18:27:59 2016
  33657; 29040; 62;1.250;Sun Dec 18 18:29:59 2016
  33796; 29160; 62;1.250;Sun Dec 18 18:31:59 2016
  33935; 29280; 62;1.250;Sun Dec 18 18:33:59 2016
  34074; 29400; 62;1.250;Sun Dec 18 18:35:59 2016
  34213; 29520; 62;1.250;Sun Dec 18 18:37:59 2016
  34351; 29640; 62;1.250;Sun Dec 18 18:39:59 2016
  34491; 29760; 62;1.250;Sun Dec 18 18:41:59 2016
  34630; 29880; 62;1.250;Sun Dec 18 18:43:59 2016
  34769; 30000; 62;1.250;Sun Dec 18 18:45:59 2016
  34908; 30120; 62;1.250;Sun Dec 18 18:47:59 2016
  35047; 30240; 62;1.250;Sun Dec 18 18:49:59 2016
  35187; 30360; 62;1.250;Sun Dec 18 18:51:59 2016
  35326; 30480; 62;1.250;Sun Dec 18 18:53:59 2016
  35465; 30600; 62;1.250;Sun Dec 18 18:55:59 2016
  35604; 30720; 62;1.250;Sun Dec 18 18:57:59 2016
  35743; 30840; 62;1.250;Sun Dec 18 18:59:59 2016
  35882; 30960; 62;1.250;Sun Dec 18 19:01:59 2016
  36021; 31080; 62;1.250;Sun Dec 18 19:03:59 2016
  36160; 31200; 62;1.250;Sun Dec 18 19:05:59 2016
  36299; 31320; 62;1.250;Sun Dec 18 19:07:59 2016
  36439; 31440; 62;1.250;Sun Dec 18 19:09:59 2016
  36577; 31560; 62;1.250;Sun Dec 18 19:11:59 2016
  36717; 31680; 62;1.250;Sun Dec 18 19:13:59 2016
  36856; 31800; 62;1.250;Sun Dec 18 19:15:59 2016
  36994; 31920; 62;1.250;Sun Dec 18 19:17:59 2016
  37134; 32040; 62;1.250;Sun Dec 18 19:19:59 2016
  37273; 32160; 62;1.250;Sun Dec 18 19:21:59 2016
  37412; 32280; 62;1.250;Sun Dec 18 19:23:59 2016
  37550; 32400; 62;1.250;Sun Dec 18 19:25:59 2016
  37689; 32520; 62;1.250;Sun Dec 18 19:27:59 2016
  37828; 32640; 62;1.250;Sun Dec 18 19:29:59 2016
  37967; 32760; 62;1.250;Sun Dec 18 19:31:59 2016
  38107; 32880; 62;1.250;Sun Dec 18 19:33:59 2016
  38246; 33000; 62;1.250;Sun Dec 18 19:35:59 2016
  38385; 33120; 62;1.250;Sun Dec 18 19:37:59 2016
  38524; 33240; 62;1.250;Sun Dec 18 19:39:59 2016
  38663; 33360; 62;1.250;Sun Dec 18 19:41:59 2016
  38803; 33480; 62;1.250;Sun Dec 18 19:43:59 2016
  38942; 33600; 62;1.250;Sun Dec 18 19:45:59 2016
  39081; 33720; 62;1.250;Sun Dec 18 19:47:59 2016
  39220; 33840; 62;1.250;Sun Dec 18 19:49:59 2016
  39359; 33960; 62;1.250;Sun Dec 18 19:51:59 2016
  39498; 34080; 62;1.250;Sun Dec 18 19:53:59 2016
  39638; 34200; 62;1.250;Sun Dec 18 19:55:59 2016
  39777; 34320; 62;1.250;Sun Dec 18 19:57:59 2016
  39916; 34440; 62;1.250;Sun Dec 18 19:59:59 2016
  40055; 34560; 62;1.250;Sun Dec 18 20:01:59 2016
  40194; 34680; 62;1.250;Sun Dec 18 20:03:59 2016
  40333; 34800; 62;1.250;Sun Dec 18 20:05:59 2016
  40471; 34920; 62;1.250;Sun Dec 18 20:07:59 2016
  40610; 35040; 62;1.250;Sun Dec 18 20:09:59 2016
  40749; 35160; 62;1.250;Sun Dec 18 20:11:59 2016
  40888; 35280; 62;1.250;Sun Dec 18 20:13:59 2016
  41027; 35400; 62;1.250;Sun Dec 18 20:15:59 2016
  41165; 35520; 62;1.250;Sun Dec 18 20:17:59 2016
  41304; 35640; 62;1.250;Sun Dec 18 20:19:59 2016
  41443; 35760; 62;1.250;Sun Dec 18 20:21:59 2016
  41582; 35880; 62;1.250;Sun Dec 18 20:23:59 2016
  41722; 36000; 62;1.250;Sun Dec 18 20:25:59 2016
  41861; 36120; 62;1.250;Sun Dec 18 20:27:59 2016
  42000; 36240; 62;1.250;Sun Dec 18 20:29:59 2016
  42139; 36360; 62;1.250;Sun Dec 18 20:31:59 2016
  42278; 36480; 62;1.250;Sun Dec 18 20:33:59 2016
  42416; 36600; 62;1.250;Sun Dec 18 20:35:59 2016
  42555; 36720; 62;1.250;Sun Dec 18 20:37:59 2016
  42694; 36840; 62;1.250;Sun Dec 18 20:39:59 2016
  42833; 36960; 62;1.250;Sun Dec 18 20:41:59 2016
  42972; 37080; 62;1.250;Sun Dec 18 20:43:59 2016
  43111; 37200; 62;1.250;Sun Dec 18 20:45:59 2016
  43250; 37320; 62;1.250;Sun Dec 18 20:47:59 2016
  43389; 37440; 62;1.250;Sun Dec 18 20:49:59 2016
  43529; 37560; 62;1.250;Sun Dec 18 20:51:59 2016
  43668; 37680; 62;1.250;Sun Dec 18 20:53:59 2016
  43807; 37800; 62;1.250;Sun Dec 18 20:55:59 2016
  43946; 37920; 62;1.250;Sun Dec 18 20:57:59 2016
  44085; 38040; 62;1.250;Sun Dec 18 20:59:59 2016
  44224; 38160; 62;1.250;Sun Dec 18 21:01:59 2016
  44363; 38280; 62;1.250;Sun Dec 18 21:03:59 2016
  44502; 38400; 62;1.250;Sun Dec 18 21:05:59 2016
  44641; 38520; 62;1.250;Sun Dec 18 21:07:59 2016
  44780; 38640; 62;1.250;Sun Dec 18 21:09:59 2016
  44919; 38760; 62;1.250;Sun Dec 18 21:11:59 2016
  45058; 38880; 62;1.250;Sun Dec 18 21:13:59 2016
  45197; 39000; 62;1.250;Sun Dec 18 21:15:59 2016
  45336; 39120; 62;1.250;Sun Dec 18 21:17:59 2016
  45475; 39240; 62;1.250;Sun Dec 18 21:19:59 2016
  45614; 39360; 62;1.250;Sun Dec 18 21:21:59 2016
  45753; 39480; 62;1.250;Sun Dec 18 21:23:59 2016
  45892; 39600; 62;1.250;Sun Dec 18 21:25:59 2016
  46031; 39720; 62;1.250;Sun Dec 18 21:27:59 2016
  46170; 39840; 62;1.250;Sun Dec 18 21:29:59 2016
  46309; 39960; 62;1.250;Sun Dec 18 21:31:59 2016
  46448; 40080; 61;1.230;Sun Dec 18 21:33:59 2016
  46588; 40200; 62;1.250;Sun Dec 18 21:35:59 2016
  46727; 40320; 62;1.250;Sun Dec 18 21:37:59 2016
  46866; 40440; 61;1.230;Sun Dec 18 21:39:59 2016
  47005; 40560; 61;1.230;Sun Dec 18 21:41:59 2016
  47144; 40680; 62;1.250;Sun Dec 18 21:43:59 2016
  47284; 40800; 61;1.230;Sun Dec 18 21:45:59 2016
  47423; 40920; 62;1.250;Sun Dec 18 21:47:59 2016
  47561; 41040; 61;1.230;Sun Dec 18 21:49:59 2016
  47701; 41160; 61;1.230;Sun Dec 18 21:51:59 2016
  47840; 41280; 61;1.230;Sun Dec 18 21:53:59 2016
  47979; 41400; 61;1.230;Sun Dec 18 21:55:59 2016
  48118; 41520; 61;1.230;Sun Dec 18 21:57:59 2016
  48257; 41640; 61;1.230;Sun Dec 18 21:59:59 2016
  48397; 41760; 61;1.230;Sun Dec 18 22:01:59 2016
  48536; 41880; 61;1.230;Sun Dec 18 22:03:59 2016
  48675; 42000; 61;1.230;Sun Dec 18 22:05:59 2016
  48814; 42120; 61;1.230;Sun Dec 18 22:07:59 2016
  48953; 42240; 61;1.230;Sun Dec 18 22:09:59 2016
  49092; 42360; 61;1.230;Sun Dec 18 22:11:59 2016
  49231; 42480; 61;1.230;Sun Dec 18 22:13:59 2016
  49370; 42600; 61;1.230;Sun Dec 18 22:15:59 2016
  49508; 42720; 61;1.230;Sun Dec 18 22:17:59 2016
  49648; 42840; 61;1.230;Sun Dec 18 22:19:59 2016
  49786; 42960; 61;1.230;Sun Dec 18 22:21:59 2016
  49925; 43080; 61;1.230;Sun Dec 18 22:23:59 2016
  50062; 43200; 61;1.230;Sun Dec 18 22:25:59 2016
  50202; 43320; 61;1.230;Sun Dec 18 22:27:59 2016
  50341; 43440; 61;1.230;Sun Dec 18 22:29:59 2016
  50480; 43560; 61;1.230;Sun Dec 18 22:31:59 2016
  50619; 43680; 61;1.230;Sun Dec 18 22:33:59 2016
  50758; 43800; 61;1.230;Sun Dec 18 22:35:59 2016
  50898; 43920; 61;1.230;Sun Dec 18 22:37:59 2016
  51037; 44040; 61;1.230;Sun Dec 18 22:39:59 2016
  51176; 44160; 61;1.230;Sun Dec 18 22:41:59 2016
  51315; 44280; 61;1.230;Sun Dec 18 22:43:59 2016
  51454; 44400; 61;1.230;Sun Dec 18 22:45:59 2016
  51593; 44520; 61;1.230;Sun Dec 18 22:47:59 2016
  51732; 44640; 61;1.230;Sun Dec 18 22:49:59 2016
  51872; 44760; 61;1.230;Sun Dec 18 22:51:59 2016
  52011; 44880; 61;1.230;Sun Dec 18 22:53:59 2016
  52150; 45000; 61;1.230;Sun Dec 18 22:55:59 2016
  52289; 45120; 61;1.230;Sun Dec 18 22:57:59 2016
  52428; 45240; 61;1.230;Sun Dec 18 22:59:59 2016
  52567; 45360; 61;1.230;Sun Dec 18 23:01:59 2016
  52707; 45480; 61;1.230;Sun Dec 18 23:03:59 2016
  52845; 45600; 61;1.230;Sun Dec 18 23:05:59 2016
  52985; 45720; 61;1.230;Sun Dec 18 23:07:59 2016
  53124; 45840; 61;1.230;Sun Dec 18 23:09:59 2016
  53263; 45960; 61;1.230;Sun Dec 18 23:11:59 2016
  53402; 46080; 61;1.230;Sun Dec 18 23:13:59 2016
  53541; 46200; 61;1.230;Sun Dec 18 23:15:59 2016
  53680; 46320; 61;1.230;Sun Dec 18 23:17:59 2016
  53820; 46440; 61;1.230;Sun Dec 18 23:19:59 2016
  53959; 46560; 61;1.230;Sun Dec 18 23:21:59 2016
  54098; 46680; 61;1.230;Sun Dec 18 23:23:59 2016
  54237; 46800; 61;1.230;Sun Dec 18 23:25:59 2016
  54376; 46920; 61;1.230;Sun Dec 18 23:27:59 2016
  54515; 47040; 61;1.230;Sun Dec 18 23:29:59 2016
  54654; 47160; 61;1.230;Sun Dec 18 23:31:59 2016
  54793; 47280; 61;1.230;Sun Dec 18 23:33:59 2016
  54933; 47400; 61;1.230;Sun Dec 18 23:35:59 2016
  55072; 47520; 61;1.230;Sun Dec 18 23:37:59 2016
  55211; 47640; 61;1.230;Sun Dec 18 23:39:59 2016
  55350; 47760; 61;1.230;Sun Dec 18 23:41:59 2016
  55489; 47880; 61;1.230;Sun Dec 18 23:43:59 2016
  55628; 48000; 61;1.230;Sun Dec 18 23:45:59 2016
  55767; 48120; 61;1.230;Sun Dec 18 23:47:59 2016
  55906; 48240; 61;1.230;Sun Dec 18 23:49:59 2016
  56045; 48360; 61;1.230;Sun Dec 18 23:51:59 2016
  56184; 48480; 61;1.230;Sun Dec 18 23:53:59 2016
  56324; 48600; 61;1.230;Sun Dec 18 23:55:59 2016
  56463; 48720; 61;1.230;Sun Dec 18 23:57:59 2016
  56602; 48840; 61;1.230;Sun Dec 18 23:59:59 2016
  56741; 48960; 61;1.230;Mon Dec 19 00:01:59 2016
  56880; 49080; 61;1.230;Mon Dec 19 00:03:59 2016
  57019; 49200; 61;1.230;Mon Dec 19 00:05:59 2016
  57158; 49320; 61;1.230;Mon Dec 19 00:07:59 2016
  57297; 49440; 61;1.230;Mon Dec 19 00:09:59 2016
  57437; 49560; 61;1.230;Mon Dec 19 00:11:59 2016
  57576; 49680; 61;1.230;Mon Dec 19 00:13:59 2016
  57715; 49800; 61;1.230;Mon Dec 19 00:15:59 2016
  57854; 49920; 61;1.230;Mon Dec 19 00:17:59 2016
  57993; 50040; 61;1.230;Mon Dec 19 00:19:59 2016
  58132; 50160; 61;1.230;Mon Dec 19 00:21:59 2016
  58272; 50280; 60;1.211;Mon Dec 19 00:23:59 2016
  58411; 50400; 60;1.211;Mon Dec 19 00:25:59 2016
  58550; 50520; 60;1.211;Mon Dec 19 00:27:59 2016
  58689; 50640; 60;1.211;Mon Dec 19 00:29:59 2016
  58828; 50760; 60;1.211;Mon Dec 19 00:31:59 2016
  58967; 50880; 60;1.211;Mon Dec 19 00:33:59 2016
  59105; 51000; 60;1.211;Mon Dec 19 00:35:59 2016
  59245; 51120; 60;1.211;Mon Dec 19 00:37:59 2016
  59384; 51240; 60;1.211;Mon Dec 19 00:39:59 2016
  59523; 51360; 60;1.211;Mon Dec 19 00:41:59 2016
  59662; 51480; 60;1.211;Mon Dec 19 00:43:59 2016
  59801; 51600; 60;1.211;Mon Dec 19 00:45:59 2016
  59941; 51720; 60;1.211;Mon Dec 19 00:47:59 2016
  60080; 51840; 60;1.211;Mon Dec 19 00:49:59 2016
  60219; 51960; 60;1.211;Mon Dec 19 00:51:59 2016
  60358; 52080; 60;1.211;Mon Dec 19 00:53:59 2016
  60497; 52200; 60;1.211;Mon Dec 19 00:55:59 2016
  60636; 52320; 60;1.211;Mon Dec 19 00:57:59 2016
  60775; 52440; 60;1.211;Mon Dec 19 00:59:59 2016
  60914; 52560; 60;1.211;Mon Dec 19 01:01:59 2016
  61053; 52680; 60;1.211;Mon Dec 19 01:03:59 2016
  61193; 52800; 60;1.211;Mon Dec 19 01:05:59 2016
  61332; 52920; 60;1.211;Mon Dec 19 01:07:59 2016
  61471; 53040; 60;1.211;Mon Dec 19 01:09:59 2016
  61610; 53160; 60;1.211;Mon Dec 19 01:11:59 2016
  61749; 53280; 60;1.211;Mon Dec 19 01:13:59 2016
  61888; 53400; 60;1.211;Mon Dec 19 01:15:59 2016
  62026; 53520; 60;1.211;Mon Dec 19 01:17:59 2016
  62165; 53640; 60;1.211;Mon Dec 19 01:19:59 2016
  62304; 53760; 60;1.211;Mon Dec 19 01:21:59 2016
  62443; 53880; 60;1.211;Mon Dec 19 01:23:59 2016
  62582; 54000; 60;1.211;Mon Dec 19 01:25:59 2016
  62721; 54120; 60;1.211;Mon Dec 19 01:27:59 2016
  62860; 54240; 60;1.211;Mon Dec 19 01:29:59 2016
  62999; 54360; 60;1.211;Mon Dec 19 01:31:59 2016
  63138; 54480; 60;1.211;Mon Dec 19 01:33:59 2016
  63278; 54600; 60;1.211;Mon Dec 19 01:35:59 2016
  63417; 54720; 60;1.211;Mon Dec 19 01:37:59 2016
  63556; 54840; 60;1.211;Mon Dec 19 01:39:59 2016
  63695; 54960; 60;1.211;Mon Dec 19 01:41:59 2016
  63834; 55080; 60;1.211;Mon Dec 19 01:43:59 2016
  63973; 55200; 60;1.211;Mon Dec 19 01:45:59 2016
  64113; 55320; 60;1.211;Mon Dec 19 01:47:59 2016
  64252; 55440; 60;1.211;Mon Dec 19 01:49:59 2016
  64391; 55560; 60;1.211;Mon Dec 19 01:51:59 2016
  64530; 55680; 60;1.211;Mon Dec 19 01:53:59 2016
  64669; 55800; 60;1.211;Mon Dec 19 01:55:59 2016
  64808; 55920; 60;1.211;Mon Dec 19 01:57:59 2016
  64948; 56040; 60;1.211;Mon Dec 19 01:59:59 2016
  65086; 56160; 60;1.211;Mon Dec 19 02:01:59 2016
  65226; 56280; 59;1.191;Mon Dec 19 02:03:59 2016
  65365; 56400; 59;1.191;Mon Dec 19 02:05:59 2016
  65504; 56520; 59;1.191;Mon Dec 19 02:07:59 2016
  65643; 56640; 59;1.191;Mon Dec 19 02:09:59 2016
  65782; 56760; 59;1.191;Mon Dec 19 02:11:59 2016
  65921; 56880; 59;1.191;Mon Dec 19 02:13:59 2016
  66060; 57000; 59;1.191;Mon Dec 19 02:15:59 2016
  66199; 57120; 59;1.191;Mon Dec 19 02:17:59 2016
  66338; 57240; 59;1.191;Mon Dec 19 02:19:59 2016
  66477; 57360; 59;1.191;Mon Dec 19 02:21:59 2016
  66616; 57480; 59;1.191;Mon Dec 19 02:23:59 2016
  66755; 57600; 59;1.191;Mon Dec 19 02:25:59 2016
  66894; 57720; 59;1.191;Mon Dec 19 02:27:59 2016
  67033; 57840; 59;1.191;Mon Dec 19 02:29:59 2016
  67172; 57960; 59;1.191;Mon Dec 19 02:31:59 2016
  67311; 58080; 59;1.191;Mon Dec 19 02:33:59 2016
  67450; 58200; 59;1.191;Mon Dec 19 02:35:59 2016
  67589; 58320; 59;1.191;Mon Dec 19 02:37:59 2016
  67728; 58440; 59;1.191;Mon Dec 19 02:39:59 2016
  67868; 58560; 59;1.191;Mon Dec 19 02:41:59 2016
  68007; 58680; 59;1.191;Mon Dec 19 02:43:59 2016
  68146; 58800; 59;1.191;Mon Dec 19 02:45:59 2016
  68285; 58920; 59;1.191;Mon Dec 19 02:47:59 2016
  68424; 59040; 59;1.191;Mon Dec 19 02:49:59 2016
  68563; 59160; 59;1.191;Mon Dec 19 02:51:59 2016
  68702; 59280; 59;1.191;Mon Dec 19 02:53:59 2016
  68841; 59400; 59;1.191;Mon Dec 19 02:55:59 2016
  68980; 59520; 59;1.191;Mon Dec 19 02:57:59 2016
  69120; 59640; 59;1.191;Mon Dec 19 02:59:59 2016
  69258; 59760; 59;1.191;Mon Dec 19 03:01:59 2016
  69397; 59880; 59;1.191;Mon Dec 19 03:03:59 2016
  69537; 60000; 59;1.191;Mon Dec 19 03:05:59 2016
  69676; 60120; 59;1.191;Mon Dec 19 03:07:59 2016
  69815; 60240; 59;1.191;Mon Dec 19 03:09:59 2016
  69954; 60360; 59;1.191;Mon Dec 19 03:11:59 2016
  70093; 60480; 59;1.191;Mon Dec 19 03:13:59 2016
  70232; 60600; 59;1.191;Mon Dec 19 03:15:59 2016
  70371; 60720; 59;1.191;Mon Dec 19 03:17:59 2016
  70510; 60840; 58;1.172;Mon Dec 19 03:19:59 2016
  70649; 60960; 58;1.172;Mon Dec 19 03:21:59 2016
  70788; 61080; 58;1.172;Mon Dec 19 03:23:59 2016
  70927; 61200; 58;1.172;Mon Dec 19 03:25:59 2016
  71066; 61320; 58;1.172;Mon Dec 19 03:27:59 2016
  71205; 61440; 58;1.172;Mon Dec 19 03:29:59 2016
  71344; 61560; 58;1.172;Mon Dec 19 03:31:59 2016
  71483; 61680; 58;1.172;Mon Dec 19 03:33:59 2016
  71623; 61800; 58;1.172;Mon Dec 19 03:35:59 2016
  71762; 61920; 58;1.172;Mon Dec 19 03:37:59 2016
  71901; 62040; 58;1.172;Mon Dec 19 03:39:59 2016
  72040; 62160; 58;1.172;Mon Dec 19 03:41:59 2016
  72179; 62280; 58;1.172;Mon Dec 19 03:43:59 2016
  72318; 62400; 58;1.172;Mon Dec 19 03:45:59 2016
  72457; 62520; 58;1.172;Mon Dec 19 03:47:59 2016
  72596; 62640; 58;1.172;Mon Dec 19 03:49:59 2016
  72735; 62760; 58;1.172;Mon Dec 19 03:51:59 2016
  72875; 62880; 58;1.172;Mon Dec 19 03:53:59 2016
  73014; 63000; 58;1.172;Mon Dec 19 03:55:59 2016
  73153; 63120; 58;1.172;Mon Dec 19 03:57:59 2016
  73292; 63240; 58;1.172;Mon Dec 19 03:59:59 2016
  73431; 63360; 58;1.172;Mon Dec 19 04:01:59 2016
  73571; 63480; 58;1.172;Mon Dec 19 04:03:59 2016
  73709; 63600; 58;1.172;Mon Dec 19 04:05:59 2016
  73848; 63720; 58;1.172;Mon Dec 19 04:07:59 2016
  73987; 63840; 58;1.172;Mon Dec 19 04:09:59 2016
  74126; 63960; 58;1.172;Mon Dec 19 04:11:59 2016
  74265; 64080; 58;1.172;Mon Dec 19 04:13:59 2016
  74404; 64200; 58;1.172;Mon Dec 19 04:15:59 2016
  74542; 64320; 58;1.172;Mon Dec 19 04:17:59 2016
  74681; 64440; 58;1.172;Mon Dec 19 04:19:59 2016
  74820; 64560; 57;1.152;Mon Dec 19 04:21:59 2016
  74959; 64680; 57;1.152;Mon Dec 19 04:23:59 2016
  75099; 64800; 57;1.152;Mon Dec 19 04:25:59 2016
  75237; 64920; 57;1.152;Mon Dec 19 04:27:59 2016
  75376; 65040; 57;1.152;Mon Dec 19 04:29:59 2016
  75516; 65160; 57;1.152;Mon Dec 19 04:31:59 2016
  75655; 65280; 57;1.152;Mon Dec 19 04:33:59 2016
  75794; 65400; 57;1.152;Mon Dec 19 04:35:59 2016
  75933; 65520; 57;1.152;Mon Dec 19 04:37:59 2016
  76072; 65640; 57;1.152;Mon Dec 19 04:39:59 2016
  76211; 65760; 57;1.152;Mon Dec 19 04:41:59 2016
  76351; 65880; 57;1.152;Mon Dec 19 04:43:59 2016
  76490; 66000; 57;1.152;Mon Dec 19 04:45:59 2016
  76629; 66120; 57;1.152;Mon Dec 19 04:47:59 2016
  76768; 66240; 57;1.152;Mon Dec 19 04:49:59 2016
  76907; 66360; 57;1.152;Mon Dec 19 04:51:59 2016
  77046; 66480; 57;1.152;Mon Dec 19 04:53:59 2016
  77185; 66600; 57;1.152;Mon Dec 19 04:55:59 2016
  77324; 66720; 57;1.152;Mon Dec 19 04:57:59 2016
  77463; 66840; 57;1.152;Mon Dec 19 04:59:59 2016
  77602; 66960; 57;1.152;Mon Dec 19 05:01:59 2016
  77741; 67080; 57;1.152;Mon Dec 19 05:03:59 2016
  77881; 67200; 57;1.152;Mon Dec 19 05:05:59 2016
  78020; 67320; 57;1.152;Mon Dec 19 05:07:59 2016
  78159; 67440; 57;1.152;Mon Dec 19 05:09:59 2016
  78298; 67560; 57;1.152;Mon Dec 19 05:11:59 2016
  78437; 67680; 57;1.152;Mon Dec 19 05:13:59 2016
  78576; 67800; 57;1.152;Mon Dec 19 05:15:59 2016
  78715; 67920; 56;1.133;Mon Dec 19 05:17:59 2016
  78854; 68040; 56;1.133;Mon Dec 19 05:19:59 2016
  78993; 68160; 56;1.133;Mon Dec 19 05:21:59 2016
  79132; 68280; 56;1.133;Mon Dec 19 05:23:59 2016
  79271; 68400; 56;1.133;Mon Dec 19 05:25:59 2016
  79410; 68520; 56;1.133;Mon Dec 19 05:27:59 2016
  79549; 68640; 56;1.133;Mon Dec 19 05:29:59 2016
  79689; 68760; 56;1.133;Mon Dec 19 05:31:59 2016
  79828; 68880; 56;1.133;Mon Dec 19 05:33:59 2016
  79967; 69000; 56;1.133;Mon Dec 19 05:35:59 2016
  80105; 69120; 56;1.133;Mon Dec 19 05:37:59 2016
  80245; 69240; 56;1.133;Mon Dec 19 05:39:59 2016
  80384; 69360; 56;1.133;Mon Dec 19 05:41:59 2016
  80523; 69480; 56;1.133;Mon Dec 19 05:43:59 2016
  80662; 69600; 56;1.133;Mon Dec 19 05:45:59 2016
  80801; 69720; 56;1.133;Mon Dec 19 05:47:59 2016
  80940; 69840; 56;1.133;Mon Dec 19 05:49:59 2016
  81079; 69960; 56;1.133;Mon Dec 19 05:51:59 2016
  81218; 70080; 56;1.133;Mon Dec 19 05:53:59 2016
  81357; 70200; 56;1.133;Mon Dec 19 05:55:59 2016
  81496; 70320; 56;1.133;Mon Dec 19 05:57:59 2016
  81635; 70440; 56;1.133;Mon Dec 19 05:59:59 2016
  81775; 70560; 56;1.133;Mon Dec 19 06:01:59 2016
  81914; 70680; 56;1.133;Mon Dec 19 06:03:59 2016
  82053; 70800; 56;1.133;Mon Dec 19 06:05:59 2016
  82192; 70920; 56;1.133;Mon Dec 19 06:07:59 2016
  82330; 71040; 55;1.113;Mon Dec 19 06:09:59 2016
  82469; 71160; 55;1.113;Mon Dec 19 06:11:59 2016
  82609; 71280; 55;1.113;Mon Dec 19 06:13:59 2016
  82748; 71400; 55;1.113;Mon Dec 19 06:15:59 2016
  82887; 71520; 55;1.113;Mon Dec 19 06:17:59 2016
  83026; 71640; 55;1.113;Mon Dec 19 06:19:59 2016
  83165; 71760; 55;1.113;Mon Dec 19 06:21:59 2016
  83305; 71880; 55;1.113;Mon Dec 19 06:23:59 2016
  83444; 72000; 55;1.113;Mon Dec 19 06:25:59 2016
  83583; 72120; 55;1.113;Mon Dec 19 06:27:59 2016
  83722; 72240; 55;1.113;Mon Dec 19 06:29:59 2016
  83861; 72360; 55;1.113;Mon Dec 19 06:31:59 2016
  84000; 72480; 55;1.113;Mon Dec 19 06:33:59 2016
  84140; 72600; 55;1.113;Mon Dec 19 06:35:59 2016
  84279; 72720; 55;1.113;Mon Dec 19 06:37:59 2016
  84418; 72840; 55;1.113;Mon Dec 19 06:39:59 2016
  84557; 72960; 55;1.113;Mon Dec 19 06:41:59 2016
  84618; 73012; 54;1.094;Mon Dec 19 06:42:51 2016
