D;01;01;0;   0;     0;     0;     0;   600;1.446;800.0;Mon Jun  5 13:39:35 2017
D;01;01;0;   0;    10;    10;    10;   590;1.446;800.0;Mon Jun  5 13:39:45 2017
D;01;01;0;   0;    20;    20;    20;   580;1.446;800.0;Mon Jun  5 13:39:55 2017
D;01;01;0;   0;    30;    30;    30;   570;1.446;800.0;Mon Jun  5 13:40:05 2017
D;01;01;0;   0;    40;    40;    40;   560;1.446;800.0;Mon Jun  5 13:40:15 2017
D;01;01;0;   0;    50;    50;    50;   550;1.446;800.0;Mon Jun  5 13:40:25 2017
D;01;01;0;   0;    60;    60;    60;   540;1.446;800.0;Mon Jun  5 13:40:35 2017
D;01;01;0;   0;    70;    70;    70;   530;1.445;800.0;Mon Jun  5 13:40:45 2017
D;01;01;0;   0;     0;     0;     0;   600;1.446;800.0;Mon Jun  5 13:41:17 2017
D;01;01;0;   0;    10;    10;    10;   590;1.446;800.0;Mon Jun  5 13:41:27 2017
D;01;01;0;   0;    20;    20;    20;   580;1.446;800.0;Mon Jun  5 13:41:37 2017
D;01;01;0;   0;    30;    30;    30;   570;1.445;800.0;Mon Jun  5 13:41:47 2017
D;01;01;0;   0;    40;    40;    40;   560;1.445;800.0;Mon Jun  5 13:41:57 2017
D;01;01;0;   0;    50;    50;    50;   550;1.445;800.0;Mon Jun  5 13:42:07 2017
D;01;01;0;   0;    60;    60;    60;   540;1.445;800.0;Mon Jun  5 13:42:17 2017
D;01;01;0;   0;    70;    70;    70;   530;1.445;800.0;Mon Jun  5 13:42:27 2017
D;01;01;0;   0;    80;    80;    80;   520;1.446;800.0;Mon Jun  5 13:42:37 2017
D;01;01;0;   0;    90;    90;    90;   510;1.446;800.0;Mon Jun  5 13:42:47 2017
D;01;01;0;   0;   100;   100;   100;   500;1.446;800.0;Mon Jun  5 13:42:57 2017
D;01;01;0;   0;   110;   110;   110;   490;1.446;800.0;Mon Jun  5 13:43:07 2017
D;01;01;0;   0;   120;   120;   120;   480;1.446;800.0;Mon Jun  5 13:43:17 2017
D;01;01;0;   0;   130;   130;   130;   470;1.445;800.0;Mon Jun  5 13:43:27 2017
D;01;01;0;   0;   140;   140;   140;   460;1.445;800.0;Mon Jun  5 13:43:37 2017
D;01;01;0;   0;   150;   150;   150;   450;1.446;800.0;Mon Jun  5 13:43:47 2017
D;01;01;0;   0;   160;   160;   160;   440;1.445;800.0;Mon Jun  5 13:43:57 2017
D;01;01;0;   0;   170;   170;   170;   430;1.446;800.0;Mon Jun  5 13:44:07 2017
D;01;01;0;   0;   180;   180;   180;   420;1.446;800.0;Mon Jun  5 13:44:17 2017
D;01;01;0;   0;   190;   190;   190;   410;1.446;800.0;Mon Jun  5 13:44:27 2017
D;01;01;0;   0;   200;   200;   200;   400;1.445;800.0;Mon Jun  5 13:44:37 2017
D;01;01;0;   0;   210;   210;   210;   390;1.445;800.0;Mon Jun  5 13:44:47 2017
D;01;01;0;   0;   220;   220;   220;   380;1.445;800.0;Mon Jun  5 13:44:57 2017
D;01;01;0;   0;   230;   230;   230;   370;1.445;800.0;Mon Jun  5 13:45:07 2017
D;01;01;0;   0;   240;   240;   240;   360;1.445;800.0;Mon Jun  5 13:45:17 2017
D;01;01;0;   0;   250;   250;   250;   350;1.446;800.0;Mon Jun  5 13:45:27 2017
D;01;01;0;   0;   260;   260;   260;   340;1.446;800.0;Mon Jun  5 13:45:37 2017
D;01;01;0;   0;   270;   270;   270;   330;1.446;800.0;Mon Jun  5 13:45:47 2017
D;01;01;0;   0;   280;   280;   280;   320;1.446;800.0;Mon Jun  5 13:45:57 2017
D;01;01;0;   0;   290;   290;   290;   310;1.445;800.0;Mon Jun  5 13:46:07 2017
D;01;01;0;   0;   300;   300;   300;   300;1.445;800.0;Mon Jun  5 13:46:17 2017
D;01;01;0;   0;   310;   310;   310;   290;1.445;800.0;Mon Jun  5 13:46:27 2017
D;01;01;0;   0;   320;   320;   320;   280;1.446;800.0;Mon Jun  5 13:46:37 2017
D;01;01;0;   0;   330;   330;   330;   270;1.445;800.0;Mon Jun  5 13:46:47 2017
D;01;01;0;   0;   340;   340;   340;   260;1.446;800.0;Mon Jun  5 13:46:57 2017
D;01;01;0;   0;   350;   350;   350;   250;1.445;800.0;Mon Jun  5 13:47:07 2017
D;01;01;0;   0;   360;   360;   360;   240;1.446;800.0;Mon Jun  5 13:47:17 2017
D;01;01;0;   0;   370;   370;   370;   230;1.445;800.0;Mon Jun  5 13:47:27 2017
D;01;01;0;   0;   380;   380;   380;   220;1.445;800.0;Mon Jun  5 13:47:37 2017
D;01;01;0;   0;   390;   390;   390;   210;1.445;800.0;Mon Jun  5 13:47:47 2017
D;01;01;0;   0;   400;   400;   400;   200;1.445;800.0;Mon Jun  5 13:47:57 2017
D;01;01;0;   0;   410;   410;   410;   190;1.445;800.0;Mon Jun  5 13:48:07 2017
D;01;01;0;   0;   420;   420;   420;   180;1.446;800.0;Mon Jun  5 13:48:17 2017
D;01;01;0;   0;   430;   430;   430;   170;1.446;800.0;Mon Jun  5 13:48:27 2017
D;01;01;0;   0;   440;   440;   440;   160;1.445;800.0;Mon Jun  5 13:48:37 2017
D;01;01;0;   0;   450;   450;   450;   150;1.445;800.0;Mon Jun  5 13:48:47 2017
D;01;01;0;   0;   460;   460;   460;   140;1.445;800.0;Mon Jun  5 13:48:57 2017
D;01;01;0;   0;   470;   470;   470;   130;1.445;800.0;Mon Jun  5 13:49:07 2017
D;01;01;0;   0;     0;     0;     0;   600;1.445;800.0;Mon Jun  5 13:49:45 2017
D;01;01;0;   0;    10;    10;    10;   590;1.445;800.0;Mon Jun  5 13:49:55 2017
D;01;01;0;   0;    20;    20;    20;   580;1.445;800.0;Mon Jun  5 13:50:05 2017
D;01;01;0;   0;    30;    30;    30;   570;1.445;800.0;Mon Jun  5 13:50:15 2017
D;01;01;0;   0;    40;    40;    40;   560;1.446;800.0;Mon Jun  5 13:50:25 2017
D;01;01;0;   0;    50;    50;    50;   550;1.445;800.0;Mon Jun  5 13:50:35 2017
D;01;01;0;   0;    60;    60;    60;   540;1.445;800.0;Mon Jun  5 13:50:45 2017
D;01;01;0;   0;    70;    70;    70;   530;1.445;800.0;Mon Jun  5 13:50:55 2017
D;01;01;0;   0;    80;    80;    80;   520;1.445;800.0;Mon Jun  5 13:51:05 2017
D;01;01;0;   0;    90;    90;    90;   510;1.445;800.0;Mon Jun  5 13:51:15 2017
D;01;01;0;   0;   100;   100;   100;   500;1.445;800.0;Mon Jun  5 13:51:25 2017
D;01;01;0;   0;   110;   110;   110;   490;1.445;800.0;Mon Jun  5 13:51:35 2017
D;01;01;0;   0;   120;   120;   120;   480;1.445;800.0;Mon Jun  5 13:51:45 2017
D;01;01;0;   0;   130;   130;   130;   470;1.445;800.0;Mon Jun  5 13:51:55 2017
D;01;01;0;   0;   140;   140;   140;   460;1.445;800.0;Mon Jun  5 13:52:05 2017
D;01;01;0;   0;   150;   150;   150;   450;1.445;800.0;Mon Jun  5 13:52:15 2017
D;01;01;0;   0;   160;   160;   160;   440;1.444;800.0;Mon Jun  5 13:52:25 2017
D;01;01;0;   0;   170;   170;   170;   430;1.445;800.0;Mon Jun  5 13:52:35 2017
D;01;01;0;   0;   180;   180;   180;   420;1.445;800.0;Mon Jun  5 13:52:45 2017
D;01;01;0;   0;   190;   190;   190;   410;1.445;800.0;Mon Jun  5 13:52:55 2017
D;01;01;0;   0;   200;   200;   200;   400;1.445;800.0;Mon Jun  5 13:53:05 2017
D;01;01;0;   0;   210;   210;   210;   390;1.445;800.0;Mon Jun  5 13:53:15 2017
D;01;02;0;  50;   220;     1;   220;  3599;1.436;800.0;Mon Jun  5 13:53:25 2017
D;01;02;0;  50;   230;    11;   230;  3589;1.434;799.8;Mon Jun  5 13:53:35 2017
D;01;02;0;  50;   240;    21;   240;  3579;1.434;799.7;Mon Jun  5 13:53:45 2017
D;01;02;0;  50;   250;    31;   250;  3569;1.433;799.6;Mon Jun  5 13:53:55 2017
D;01;02;0;  50;   260;    41;   260;  3559;1.432;799.4;Mon Jun  5 13:54:05 2017
D;01;02;0;  50;   270;    51;   270;  3549;1.431;799.3;Mon Jun  5 13:54:15 2017
D;01;02;0;  50;   280;    61;   280;  3539;1.431;799.2;Mon Jun  5 13:54:25 2017
D;01;02;0;  50;   290;    71;   290;  3529;1.430;799.0;Mon Jun  5 13:54:35 2017
D;01;02;0;  50;   300;    81;   300;  3519;1.430;798.9;Mon Jun  5 13:54:45 2017
D;01;02;0;  50;   310;    91;   310;  3509;1.429;798.7;Mon Jun  5 13:54:55 2017
D;01;02;0;  50;   320;   101;   320;  3499;1.428;798.6;Mon Jun  5 13:55:05 2017
D;01;02;0;  50;   330;   111;   330;  3489;1.427;798.5;Mon Jun  5 13:55:15 2017
D;01;02;0;  50;   340;   121;   340;  3479;1.427;798.3;Mon Jun  5 13:55:25 2017
D;01;02;0;  50;   350;   131;   350;  3469;1.427;798.2;Mon Jun  5 13:55:35 2017
D;01;02;0;  50;   360;   141;   360;  3459;1.426;798.0;Mon Jun  5 13:55:45 2017
D;01;02;0;  50;   370;   151;   370;  3449;1.426;797.9;Mon Jun  5 13:55:55 2017
D;01;02;0;  50;   380;   161;   380;  3439;1.426;797.8;Mon Jun  5 13:56:05 2017
D;01;02;0;  50;   400;   181;   400;  3419;1.425;797.5;Mon Jun  5 13:56:25 2017
D;01;02;0;  50;   410;   191;   410;  3409;1.425;797.3;Mon Jun  5 13:56:35 2017
D;01;02;0;  50;   420;   201;   420;  3399;1.423;797.2;Mon Jun  5 13:56:45 2017
D;01;02;0;  50;   430;   211;   430;  3389;1.423;797.1;Mon Jun  5 13:56:55 2017
D;01;02;0;  50;   440;   221;   440;  3379;1.424;796.9;Mon Jun  5 13:57:05 2017
D;01;02;0;  50;   450;   231;   450;  3369;1.423;796.8;Mon Jun  5 13:57:15 2017
D;01;02;0;  50;   460;   241;   460;  3359;1.422;796.7;Mon Jun  5 13:57:25 2017
D;01;02;0;  50;   470;   251;   470;  3349;1.422;796.5;Mon Jun  5 13:57:35 2017
D;01;02;0;  50;   480;   261;   480;  3339;1.422;796.4;Mon Jun  5 13:57:45 2017
D;01;02;0;  50;   490;   271;   490;  3329;1.421;796.2;Mon Jun  5 13:57:55 2017
D;01;02;0;  50;   500;   281;   500;  3319;1.420;796.1;Mon Jun  5 13:58:05 2017
D;01;02;0;  50;   520;   301;   520;  3299;1.419;795.8;Mon Jun  5 13:58:25 2017
D;01;02;0;  50;   530;   311;   530;  3289;1.419;795.7;Mon Jun  5 13:58:35 2017
D;01;02;0;  50;   540;   321;   540;  3279;1.419;795.5;Mon Jun  5 13:58:45 2017
D;01;02;0;  50;   550;   331;   550;  3269;1.419;795.4;Mon Jun  5 13:58:55 2017
D;01;02;0;  50;   560;   341;   560;  3259;1.418;795.3;Mon Jun  5 13:59:05 2017
D;01;02;0;  50;   570;   351;   570;  3249;1.418;795.1;Mon Jun  5 13:59:15 2017
D;01;02;0;  50;   580;   361;   580;  3239;1.418;795.0;Mon Jun  5 13:59:25 2017
D;01;02;0;  50;   590;   371;   590;  3229;1.418;794.8;Mon Jun  5 13:59:35 2017
D;01;02;0;  50;   600;   381;   600;  3219;1.416;794.7;Mon Jun  5 13:59:45 2017
D;01;02;0;  50;   610;   391;   610;  3209;1.417;794.6;Mon Jun  5 13:59:55 2017
D;01;02;0;  50;   620;   401;   620;  3199;1.417;794.4;Mon Jun  5 14:00:05 2017
D;01;02;0;  50;   640;   421;   640;  3179;1.416;794.2;Mon Jun  5 14:00:25 2017
D;01;02;0;  50;   650;   431;   650;  3169;1.416;794.0;Mon Jun  5 14:00:35 2017
D;01;02;0;  50;   660;   441;   660;  3159;1.415;793.9;Mon Jun  5 14:00:45 2017
D;01;02;0;  50;   670;   451;   670;  3149;1.415;793.7;Mon Jun  5 14:00:55 2017
D;01;02;0;  50;   680;   461;   680;  3139;1.414;793.6;Mon Jun  5 14:01:05 2017
D;01;02;0;  50;   690;   471;   690;  3129;1.414;793.5;Mon Jun  5 14:01:15 2017
D;01;02;0;  50;   700;   481;   700;  3119;1.413;793.3;Mon Jun  5 14:01:25 2017
D;01;02;0;  50;   710;   491;   710;  3109;1.414;793.2;Mon Jun  5 14:01:35 2017
D;01;02;0;  50;   720;   501;   720;  3099;1.413;793.0;Mon Jun  5 14:01:45 2017
D;01;02;0;  50;   730;   511;   730;  3089;1.413;792.9;Mon Jun  5 14:01:55 2017
D;01;02;0;  50;   740;   521;   740;  3079;1.413;792.8;Mon Jun  5 14:02:05 2017
D;01;02;0;  50;   760;   541;   760;  3059;1.411;792.5;Mon Jun  5 14:02:25 2017
D;01;02;0;  50;   770;   551;   770;  3049;1.412;792.3;Mon Jun  5 14:02:35 2017
D;01;02;0;  50;   780;   561;   780;  3039;1.412;792.2;Mon Jun  5 14:02:45 2017
D;01;02;0;  50;   790;   571;   790;  3029;1.411;792.1;Mon Jun  5 14:02:55 2017
D;01;02;0;  50;   800;   581;   800;  3019;1.411;791.9;Mon Jun  5 14:03:05 2017
D;01;02;0;  50;   810;   591;   810;  3009;1.410;791.8;Mon Jun  5 14:03:15 2017
D;01;02;0;  50;   820;   601;   820;  2999;1.410;791.7;Mon Jun  5 14:03:25 2017
D;01;02;0;  50;   830;   611;   830;  2989;1.410;791.5;Mon Jun  5 14:03:35 2017
D;01;02;0;  50;   840;   621;   840;  2979;1.409;791.4;Mon Jun  5 14:03:45 2017
D;01;02;0;  50;   850;   631;   850;  2969;1.409;791.2;Mon Jun  5 14:03:55 2017
D;01;02;0;  50;   860;   641;   860;  2959;1.409;791.1;Mon Jun  5 14:04:05 2017
D;01;02;0;  50;   880;   661;   880;  2939;1.409;790.8;Mon Jun  5 14:04:25 2017
D;01;02;0;  50;   890;   671;   890;  2929;1.408;790.7;Mon Jun  5 14:04:35 2017
D;01;02;0;  50;   900;   681;   900;  2919;1.408;790.5;Mon Jun  5 14:04:45 2017
D;01;02;0;  50;   910;   691;   910;  2909;1.408;790.4;Mon Jun  5 14:04:55 2017
D;01;02;0;  50;   920;   701;   920;  2899;1.407;790.3;Mon Jun  5 14:05:05 2017
D;01;02;0;  50;   930;   711;   930;  2889;1.406;790.1;Mon Jun  5 14:05:15 2017
D;01;02;0;  50;   940;   721;   940;  2879;1.406;790.0;Mon Jun  5 14:05:25 2017
D;01;02;0;  50;   950;   731;   950;  2869;1.406;789.8;Mon Jun  5 14:05:35 2017
D;01;02;0;  50;   960;   741;   960;  2859;1.406;789.7;Mon Jun  5 14:05:45 2017
D;01;02;0;  50;   970;   751;   970;  2849;1.406;789.6;Mon Jun  5 14:05:55 2017
D;01;02;0;  50;   980;   761;   980;  2839;1.406;789.4;Mon Jun  5 14:06:05 2017
D;01;02;0;  50;  1000;   781;  1000;  2819;1.405;789.2;Mon Jun  5 14:06:25 2017
D;01;02;0;  50;  1010;   791;  1010;  2809;1.405;789.0;Mon Jun  5 14:06:35 2017
D;01;02;0;  50;  1020;   801;  1020;  2799;1.404;788.9;Mon Jun  5 14:06:45 2017
D;01;02;0;  50;  1030;   811;  1030;  2789;1.404;788.7;Mon Jun  5 14:06:55 2017
D;01;02;0;  50;  1040;   821;  1040;  2779;1.404;788.6;Mon Jun  5 14:07:05 2017
D;01;02;0;  50;  1050;   831;  1050;  2769;1.403;788.5;Mon Jun  5 14:07:15 2017
D;01;02;0;  50;  1060;   841;  1060;  2759;1.403;788.3;Mon Jun  5 14:07:25 2017
D;01;02;0;  50;  1070;   851;  1070;  2749;1.403;788.2;Mon Jun  5 14:07:35 2017
D;01;02;0;  50;  1080;   861;  1080;  2739;1.403;788.0;Mon Jun  5 14:07:45 2017
D;01;02;0;  50;  1090;   871;  1090;  2729;1.402;787.9;Mon Jun  5 14:07:55 2017
D;01;02;0;  50;  1100;   881;  1100;  2719;1.402;787.8;Mon Jun  5 14:08:05 2017
D;01;02;0;  50;  1120;   901;  1120;  2699;1.401;787.5;Mon Jun  5 14:08:25 2017
D;01;02;0;  50;  1130;   911;  1130;  2689;1.401;787.3;Mon Jun  5 14:08:35 2017
D;01;02;0;  50;  1140;   921;  1140;  2679;1.402;787.2;Mon Jun  5 14:08:45 2017
D;01;02;0;  50;  1150;   931;  1150;  2669;1.401;787.1;Mon Jun  5 14:08:55 2017
D;01;02;0;  50;  1160;   941;  1160;  2659;1.401;786.9;Mon Jun  5 14:09:05 2017
D;01;02;0;  50;  1170;   951;  1170;  2649;1.401;786.8;Mon Jun  5 14:09:15 2017
D;01;02;0;  50;  1180;   961;  1180;  2639;1.400;786.7;Mon Jun  5 14:09:25 2017
D;01;02;0;  50;  1190;   971;  1190;  2629;1.400;786.5;Mon Jun  5 14:09:35 2017
D;01;02;0;  50;  1200;   981;  1200;  2619;1.400;786.4;Mon Jun  5 14:09:45 2017
D;01;02;0;  50;  1210;   991;  1210;  2609;1.399;786.2;Mon Jun  5 14:09:55 2017
D;01;02;0;  50;  1220;  1001;  1220;  2599;1.399;786.1;Mon Jun  5 14:10:05 2017
D;01;02;0;  50;  1240;  1021;  1240;  2579;1.399;785.8;Mon Jun  5 14:10:25 2017
D;01;02;0;  50;  1250;  1031;  1250;  2569;1.399;785.7;Mon Jun  5 14:10:35 2017
D;01;02;0;  50;  1260;  1041;  1260;  2559;1.399;785.5;Mon Jun  5 14:10:45 2017
D;01;02;0;  50;  1270;  1051;  1270;  2549;1.398;785.4;Mon Jun  5 14:10:55 2017
D;01;02;0;  50;  1280;  1061;  1280;  2539;1.398;785.3;Mon Jun  5 14:11:05 2017
D;01;02;0;  50;  1290;  1071;  1290;  2529;1.397;785.1;Mon Jun  5 14:11:15 2017
D;01;02;0;  50;  1300;  1081;  1300;  2519;1.397;785.0;Mon Jun  5 14:11:25 2017
D;01;02;0;  50;  1310;  1091;  1310;  2509;1.397;784.8;Mon Jun  5 14:11:35 2017
D;01;02;0;  50;  1320;  1101;  1320;  2499;1.396;784.7;Mon Jun  5 14:11:45 2017
D;01;02;0;  50;  1330;  1111;  1330;  2489;1.397;784.6;Mon Jun  5 14:11:55 2017
D;01;02;0;  50;  1340;  1121;  1340;  2479;1.397;784.4;Mon Jun  5 14:12:05 2017
D;01;02;0;  50;  1360;  1141;  1360;  2459;1.396;784.2;Mon Jun  5 14:12:25 2017
D;01;02;0;  50;  1370;  1151;  1370;  2449;1.396;784.0;Mon Jun  5 14:12:35 2017
D;01;02;0;  50;  1380;  1161;  1380;  2439;1.395;783.9;Mon Jun  5 14:12:45 2017
D;01;02;0;  50;  1390;  1171;  1390;  2429;1.396;783.7;Mon Jun  5 14:12:55 2017
D;01;02;0;  50;  1400;  1181;  1400;  2419;1.395;783.6;Mon Jun  5 14:13:05 2017
D;01;02;0;  50;  1410;  1191;  1410;  2409;1.395;783.5;Mon Jun  5 14:13:15 2017
D;01;02;0;  50;  1420;  1201;  1420;  2399;1.394;783.3;Mon Jun  5 14:13:25 2017
D;01;02;0;  50;  1430;  1211;  1430;  2389;1.395;783.2;Mon Jun  5 14:13:35 2017
D;01;02;0;  50;  1440;  1221;  1440;  2379;1.395;783.0;Mon Jun  5 14:13:45 2017
D;01;02;0;  50;  1450;  1231;  1450;  2369;1.393;782.9;Mon Jun  5 14:13:55 2017
D;01;02;0;  50;  1460;  1241;  1460;  2359;1.394;782.8;Mon Jun  5 14:14:05 2017
D;01;02;0;  50;  1480;  1261;  1480;  2339;1.393;782.5;Mon Jun  5 14:14:25 2017
D;01;02;0;  50;  1490;  1271;  1490;  2329;1.392;782.3;Mon Jun  5 14:14:35 2017
D;01;02;0;  50;  1500;  1281;  1500;  2319;1.393;782.2;Mon Jun  5 14:14:45 2017
D;01;02;0;  50;  1510;  1291;  1510;  2309;1.393;782.1;Mon Jun  5 14:14:55 2017
D;01;02;0;  50;  1520;  1301;  1520;  2299;1.393;781.9;Mon Jun  5 14:15:05 2017
D;01;02;0;  50;  1530;  1311;  1530;  2289;1.392;781.8;Mon Jun  5 14:15:15 2017
D;01;02;0;  50;  1540;  1321;  1540;  2279;1.392;781.7;Mon Jun  5 14:15:25 2017
D;01;02;0;  50;  1550;  1331;  1550;  2269;1.392;781.5;Mon Jun  5 14:15:35 2017
D;01;02;0;  50;  1560;  1341;  1560;  2259;1.391;781.4;Mon Jun  5 14:15:45 2017
D;01;02;0;  50;  1570;  1351;  1570;  2249;1.391;781.2;Mon Jun  5 14:15:55 2017
D;01;02;0;  50;  1580;  1361;  1580;  2239;1.391;781.1;Mon Jun  5 14:16:05 2017
D;01;02;0;  50;  1600;  1381;  1600;  2219;1.391;780.8;Mon Jun  5 14:16:25 2017
D;01;02;0;  50;  1610;  1391;  1610;  2209;1.390;780.7;Mon Jun  5 14:16:35 2017
D;01;02;0;  50;  1620;  1401;  1620;  2199;1.390;780.5;Mon Jun  5 14:16:45 2017
D;01;02;0;  50;  1630;  1411;  1630;  2189;1.390;780.4;Mon Jun  5 14:16:55 2017
D;01;02;0;  50;  1640;  1421;  1640;  2179;1.389;780.3;Mon Jun  5 14:17:05 2017
D;01;02;0;  50;  1650;  1431;  1650;  2169;1.389;780.1;Mon Jun  5 14:17:15 2017
D;01;02;0;  50;  1660;  1441;  1660;  2159;1.389;780.0;Mon Jun  5 14:17:25 2017
D;01;02;0;  50;  1670;  1451;  1670;  2149;1.389;779.8;Mon Jun  5 14:17:35 2017
D;01;02;0;  50;  1680;  1461;  1680;  2139;1.389;779.7;Mon Jun  5 14:17:45 2017
D;01;02;0;  50;  1690;  1471;  1690;  2129;1.389;779.6;Mon Jun  5 14:17:55 2017
D;01;02;0;  50;  1700;  1481;  1700;  2119;1.389;779.4;Mon Jun  5 14:18:05 2017
D;01;02;0;  50;  1720;  1501;  1720;  2099;1.388;779.2;Mon Jun  5 14:18:25 2017
D;01;02;0;  50;  1730;  1511;  1730;  2089;1.388;779.0;Mon Jun  5 14:18:35 2017
D;01;02;0;  50;  1740;  1521;  1740;  2079;1.387;778.9;Mon Jun  5 14:18:45 2017
D;01;02;0;  50;  1750;  1531;  1750;  2069;1.387;778.7;Mon Jun  5 14:18:55 2017
D;01;02;0;  50;  1760;  1541;  1760;  2059;1.387;778.6;Mon Jun  5 14:19:05 2017
D;01;02;0;  50;  1770;  1551;  1770;  2049;1.386;778.5;Mon Jun  5 14:19:15 2017
D;01;02;0;  50;  1780;  1561;  1780;  2039;1.386;778.3;Mon Jun  5 14:19:25 2017
D;01;02;0;  50;  1790;  1571;  1790;  2029;1.387;778.2;Mon Jun  5 14:19:35 2017
D;01;02;0;  50;  1800;  1581;  1800;  2019;1.386;778.0;Mon Jun  5 14:19:45 2017
D;01;02;0;  50;  1810;  1591;  1810;  2009;1.386;777.9;Mon Jun  5 14:19:55 2017
D;01;02;0;  50;  1820;  1601;  1820;  1999;1.387;777.8;Mon Jun  5 14:20:05 2017
D;01;02;0;  50;  1840;  1621;  1840;  1979;1.385;777.5;Mon Jun  5 14:20:25 2017
D;01;02;0;  50;  1850;  1631;  1850;  1969;1.385;777.3;Mon Jun  5 14:20:35 2017
D;01;02;0;  50;  1860;  1641;  1860;  1959;1.385;777.2;Mon Jun  5 14:20:45 2017
D;01;02;0;  50;  1870;  1651;  1870;  1949;1.384;777.1;Mon Jun  5 14:20:55 2017
D;01;02;0;  50;  1880;  1661;  1880;  1939;1.385;776.9;Mon Jun  5 14:21:05 2017
D;01;02;0;  50;  1890;  1671;  1890;  1929;1.384;776.8;Mon Jun  5 14:21:15 2017
D;01;02;0;  50;  1900;  1681;  1900;  1919;1.384;776.7;Mon Jun  5 14:21:25 2017
D;01;02;0;  50;  1910;  1691;  1910;  1909;1.383;776.5;Mon Jun  5 14:21:35 2017
D;01;02;0;  50;  1920;  1701;  1920;  1899;1.384;776.4;Mon Jun  5 14:21:45 2017
D;01;02;0;  50;  1930;  1711;  1930;  1889;1.383;776.2;Mon Jun  5 14:21:55 2017
D;01;02;0;  50;  1940;  1721;  1940;  1879;1.383;776.1;Mon Jun  5 14:22:05 2017
D;01;02;0;  50;  1960;  1741;  1960;  1859;1.383;775.8;Mon Jun  5 14:22:25 2017
D;01;02;0;  50;  1970;  1751;  1970;  1849;1.383;775.7;Mon Jun  5 14:22:35 2017
D;01;02;0;  50;  1980;  1761;  1980;  1839;1.383;775.5;Mon Jun  5 14:22:45 2017
D;01;02;0;  50;  1990;  1771;  1990;  1829;1.383;775.4;Mon Jun  5 14:22:55 2017
D;01;02;0;  50;  2000;  1781;  2000;  1819;1.382;775.3;Mon Jun  5 14:23:05 2017
D;01;02;0;  50;  2010;  1791;  2010;  1809;1.381;775.1;Mon Jun  5 14:23:15 2017
D;01;02;0;  50;  2020;  1801;  2020;  1799;1.382;775.0;Mon Jun  5 14:23:25 2017
D;01;02;0;  50;  2030;  1811;  2030;  1789;1.381;774.8;Mon Jun  5 14:23:35 2017
D;01;02;0;  50;  2040;  1821;  2040;  1779;1.381;774.7;Mon Jun  5 14:23:45 2017
D;01;02;0;  50;  2050;  1831;  2050;  1769;1.381;774.6;Mon Jun  5 14:23:55 2017
D;01;02;0;  50;  2060;  1841;  2060;  1759;1.381;774.4;Mon Jun  5 14:24:05 2017
D;01;02;0;  50;  2080;  1861;  2080;  1739;1.381;774.2;Mon Jun  5 14:24:25 2017
D;01;02;0;  50;  2090;  1871;  2090;  1729;1.381;774.0;Mon Jun  5 14:24:35 2017
D;01;02;0;  50;  2100;  1881;  2100;  1719;1.380;773.9;Mon Jun  5 14:24:45 2017
D;01;02;0;  50;  2110;  1891;  2110;  1709;1.379;773.7;Mon Jun  5 14:24:55 2017
D;01;02;0;  50;  2120;  1901;  2120;  1699;1.380;773.6;Mon Jun  5 14:25:05 2017
D;01;02;0;  50;  2130;  1911;  2130;  1689;1.379;773.5;Mon Jun  5 14:25:15 2017
D;01;02;0;  50;  2140;  1921;  2140;  1679;1.379;773.3;Mon Jun  5 14:25:25 2017
D;01;02;0;  50;  2150;  1931;  2150;  1669;1.380;773.2;Mon Jun  5 14:25:35 2017
D;01;02;0;  50;  2160;  1941;  2160;  1659;1.379;773.0;Mon Jun  5 14:25:45 2017
D;01;02;0;  50;  2170;  1951;  2170;  1649;1.379;772.9;Mon Jun  5 14:25:55 2017
D;01;02;0;  50;  2180;  1961;  2180;  1639;1.379;772.8;Mon Jun  5 14:26:05 2017
D;01;02;0;  50;  2200;  1981;  2200;  1619;1.378;772.5;Mon Jun  5 14:26:25 2017
D;01;02;0;  50;  2210;  1991;  2210;  1609;1.378;772.3;Mon Jun  5 14:26:35 2017
D;01;02;0;  50;  2220;  2001;  2220;  1599;1.377;772.2;Mon Jun  5 14:26:45 2017
D;01;02;0;  50;  2230;  2011;  2230;  1589;1.377;772.1;Mon Jun  5 14:26:55 2017
D;01;02;0;  50;  2240;  2021;  2240;  1579;1.378;771.9;Mon Jun  5 14:27:05 2017
D;01;02;0;  50;  2250;  2031;  2250;  1569;1.378;771.8;Mon Jun  5 14:27:15 2017
D;01;02;0;  50;  2260;  2041;  2260;  1559;1.377;771.7;Mon Jun  5 14:27:25 2017
D;01;02;0;  50;  2270;  2051;  2270;  1549;1.377;771.5;Mon Jun  5 14:27:35 2017
D;01;02;0;  50;  2280;  2061;  2280;  1539;1.377;771.4;Mon Jun  5 14:27:45 2017
D;01;02;0;  50;  2290;  2071;  2290;  1529;1.376;771.2;Mon Jun  5 14:27:55 2017
D;01;02;0;  50;  2300;  2081;  2300;  1519;1.376;771.1;Mon Jun  5 14:28:05 2017
D;01;02;0;  50;  2320;  2101;  2320;  1499;1.376;770.8;Mon Jun  5 14:28:25 2017
D;01;02;0;  50;  2330;  2111;  2330;  1489;1.375;770.7;Mon Jun  5 14:28:35 2017
D;01;02;0;  50;  2340;  2121;  2340;  1479;1.376;770.5;Mon Jun  5 14:28:45 2017
D;01;02;0;  50;  2350;  2131;  2350;  1469;1.375;770.4;Mon Jun  5 14:28:55 2017
D;01;02;0;  50;  2360;  2141;  2360;  1459;1.375;770.3;Mon Jun  5 14:29:05 2017
D;01;02;0;  50;  2370;  2151;  2370;  1449;1.376;770.1;Mon Jun  5 14:29:15 2017
D;01;02;0;  50;  2380;  2161;  2380;  1439;1.375;770.0;Mon Jun  5 14:29:25 2017
D;01;02;0;  50;  2390;  2171;  2390;  1429;1.374;769.8;Mon Jun  5 14:29:35 2017
D;01;02;0;  50;  2400;  2181;  2400;  1419;1.374;769.7;Mon Jun  5 14:29:45 2017
D;01;02;0;  50;  2410;  2191;  2410;  1409;1.375;769.6;Mon Jun  5 14:29:55 2017
D;01;02;0;  50;  2420;  2201;  2420;  1399;1.373;769.4;Mon Jun  5 14:30:05 2017
D;01;02;0;  50;  2440;  2221;  2440;  1379;1.373;769.2;Mon Jun  5 14:30:25 2017
D;01;02;0;  50;  2450;  2231;  2450;  1369;1.373;769.0;Mon Jun  5 14:30:35 2017
D;01;02;0;  50;  2460;  2241;  2460;  1359;1.374;768.9;Mon Jun  5 14:30:45 2017
D;01;02;0;  50;  2470;  2251;  2470;  1349;1.373;768.7;Mon Jun  5 14:30:55 2017
D;01;02;0;  50;  2480;  2261;  2480;  1339;1.373;768.6;Mon Jun  5 14:31:05 2017
D;01;02;0;  50;  2490;  2271;  2490;  1329;1.372;768.5;Mon Jun  5 14:31:15 2017
D;01;02;0;  50;  2500;  2281;  2500;  1319;1.373;768.3;Mon Jun  5 14:31:25 2017
D;01;02;0;  50;  2510;  2291;  2510;  1309;1.372;768.2;Mon Jun  5 14:31:35 2017
D;01;02;0;  50;  2520;  2301;  2520;  1299;1.372;768.0;Mon Jun  5 14:31:45 2017
D;01;02;0;  50;  2530;  2311;  2530;  1289;1.372;767.9;Mon Jun  5 14:31:55 2017
D;01;02;0;  50;  2540;  2321;  2540;  1279;1.372;767.8;Mon Jun  5 14:32:05 2017
D;01;02;0;  50;  2550;  2331;  2550;  1269;1.372;767.6;Mon Jun  5 14:32:15 2017
D;01;02;0;  50;  2560;  2341;  2560;  1259;1.372;767.5;Mon Jun  5 14:32:25 2017
D;01;02;0;  50;  2570;  2351;  2570;  1249;1.371;767.3;Mon Jun  5 14:32:35 2017
D;01;02;0;  50;  2580;  2361;  2580;  1239;1.370;767.2;Mon Jun  5 14:32:45 2017
D;01;02;0;  50;  2590;  2371;  2590;  1229;1.371;767.1;Mon Jun  5 14:32:55 2017
D;01;02;0;  50;  2600;  2381;  2600;  1219;1.371;766.9;Mon Jun  5 14:33:05 2017
D;01;02;0;  50;  2610;  2391;  2610;  1209;1.370;766.8;Mon Jun  5 14:33:15 2017
D;01;02;0;  50;  2620;  2401;  2620;  1199;1.370;766.7;Mon Jun  5 14:33:25 2017
D;01;02;0;  50;  2630;  2411;  2630;  1189;1.370;766.5;Mon Jun  5 14:33:35 2017
D;01;02;0;  50;  2640;  2421;  2640;  1179;1.370;766.4;Mon Jun  5 14:33:45 2017
D;01;02;0;  50;  2650;  2431;  2650;  1169;1.369;766.2;Mon Jun  5 14:33:55 2017
D;01;02;0;  50;  2660;  2441;  2660;  1159;1.370;766.1;Mon Jun  5 14:34:05 2017
D;01;02;0;  50;  2670;  2451;  2670;  1149;1.369;766.0;Mon Jun  5 14:34:15 2017
D;01;02;0;  50;  2680;  2461;  2680;  1139;1.369;765.8;Mon Jun  5 14:34:25 2017
D;01;02;0;  50;  2690;  2471;  2690;  1129;1.368;765.7;Mon Jun  5 14:34:35 2017
D;01;02;0;  50;  2700;  2481;  2700;  1119;1.369;765.5;Mon Jun  5 14:34:45 2017
D;01;02;0;  50;  2710;  2491;  2710;  1109;1.369;765.4;Mon Jun  5 14:34:55 2017
D;01;02;0;  50;  2720;  2501;  2720;  1099;1.369;765.3;Mon Jun  5 14:35:05 2017
D;01;02;0;  50;  2730;  2511;  2730;  1089;1.369;765.1;Mon Jun  5 14:35:15 2017
D;01;02;0;  50;  2740;  2521;  2740;  1079;1.368;765.0;Mon Jun  5 14:35:25 2017
D;01;02;0;  50;  2750;  2531;  2750;  1069;1.368;764.8;Mon Jun  5 14:35:35 2017
D;01;02;0;  50;  2760;  2541;  2760;  1059;1.367;764.7;Mon Jun  5 14:35:45 2017
D;01;02;0;  50;  2770;  2551;  2770;  1049;1.367;764.6;Mon Jun  5 14:35:55 2017
D;01;02;0;  50;  2780;  2561;  2780;  1039;1.367;764.4;Mon Jun  5 14:36:05 2017
D;01;02;0;  50;  2800;  2581;  2800;  1019;1.367;764.2;Mon Jun  5 14:36:25 2017
D;01;02;0;  50;  2810;  2591;  2810;  1009;1.367;764.0;Mon Jun  5 14:36:35 2017
D;01;02;0;  50;  2820;  2601;  2820;   999;1.367;763.9;Mon Jun  5 14:36:45 2017
D;01;02;0;  50;  2830;  2611;  2830;   989;1.367;763.7;Mon Jun  5 14:36:55 2017
D;01;02;0;  50;  2840;  2621;  2840;   979;1.366;763.6;Mon Jun  5 14:37:05 2017
D;01;02;0;  50;  2850;  2631;  2850;   969;1.366;763.5;Mon Jun  5 14:37:15 2017
D;01;02;0;  50;  2860;  2641;  2860;   959;1.365;763.3;Mon Jun  5 14:37:25 2017
D;01;02;0;  50;  2870;  2651;  2870;   949;1.366;763.2;Mon Jun  5 14:37:35 2017
D;01;02;0;  50;  2880;  2661;  2880;   939;1.365;763.0;Mon Jun  5 14:37:45 2017
D;01;02;0;  50;  2890;  2671;  2890;   929;1.366;762.9;Mon Jun  5 14:37:55 2017
D;01;02;0;  50;  2900;  2681;  2900;   919;1.365;762.8;Mon Jun  5 14:38:05 2017
D;01;02;0;  50;  2920;  2701;  2920;   899;1.365;762.5;Mon Jun  5 14:38:25 2017
D;01;02;0;  50;  2930;  2711;  2930;   889;1.365;762.3;Mon Jun  5 14:38:35 2017
D;01;02;0;  50;  2940;  2721;  2940;   879;1.364;762.2;Mon Jun  5 14:38:45 2017
D;01;02;0;  50;  2950;  2731;  2950;   869;1.364;762.1;Mon Jun  5 14:38:55 2017
D;01;02;0;  50;  2960;  2741;  2960;   859;1.364;761.9;Mon Jun  5 14:39:05 2017
D;01;02;0;  50;  2970;  2751;  2970;   849;1.364;761.8;Mon Jun  5 14:39:15 2017
D;01;02;0;  50;  2980;  2761;  2980;   839;1.363;761.7;Mon Jun  5 14:39:25 2017
D;01;02;0;  50;  2990;  2771;  2990;   829;1.364;761.5;Mon Jun  5 14:39:35 2017
D;01;02;0;  50;  3000;  2781;  3000;   819;1.364;761.4;Mon Jun  5 14:39:45 2017
D;01;02;0;  50;  3010;  2791;  3010;   809;1.363;761.2;Mon Jun  5 14:39:55 2017
D;01;02;0;  50;  3020;  2801;  3020;   799;1.363;761.1;Mon Jun  5 14:40:05 2017
D;01;02;0;  50;  3040;  2821;  3040;   779;1.362;760.8;Mon Jun  5 14:40:25 2017
D;01;02;0;  50;  3050;  2831;  3050;   769;1.362;760.7;Mon Jun  5 14:40:35 2017
D;01;02;0;  50;  3060;  2841;  3060;   759;1.363;760.5;Mon Jun  5 14:40:45 2017
D;01;02;0;  50;  3070;  2851;  3070;   749;1.362;760.4;Mon Jun  5 14:40:55 2017
D;01;02;0;  50;  3080;  2861;  3080;   739;1.362;760.3;Mon Jun  5 14:41:05 2017
D;01;02;0;  50;  3090;  2871;  3090;   729;1.362;760.1;Mon Jun  5 14:41:15 2017
D;01;02;0;  50;  3100;  2881;  3100;   719;1.362;760.0;Mon Jun  5 14:41:25 2017
D;01;02;0;  50;  3110;  2891;  3110;   709;1.361;759.8;Mon Jun  5 14:41:35 2017
D;01;02;0;  50;  3120;  2901;  3120;   699;1.361;759.7;Mon Jun  5 14:41:45 2017
D;01;02;0;  50;  3130;  2911;  3130;   689;1.361;759.6;Mon Jun  5 14:41:55 2017
D;01;02;0;  50;  3140;  2921;  3140;   679;1.361;759.4;Mon Jun  5 14:42:05 2017
D;01;02;0;  50;  3150;  2931;  3150;   669;1.361;759.3;Mon Jun  5 14:42:15 2017
D;01;02;0;  50;  3160;  2941;  3160;   659;1.361;759.2;Mon Jun  5 14:42:25 2017
D;01;02;0;  50;  3170;  2951;  3170;   649;1.360;759.0;Mon Jun  5 14:42:35 2017
D;01;02;0;  50;  3180;  2961;  3180;   639;1.361;758.9;Mon Jun  5 14:42:45 2017
D;01;02;0;  50;  3190;  2971;  3190;   629;1.360;758.7;Mon Jun  5 14:42:55 2017
D;01;02;0;  50;  3200;  2981;  3200;   619;1.360;758.6;Mon Jun  5 14:43:05 2017
D;01;02;0;  50;  3210;  2991;  3210;   609;1.359;758.5;Mon Jun  5 14:43:15 2017
D;01;02;0;  50;  3220;  3001;  3220;   599;1.360;758.3;Mon Jun  5 14:43:25 2017
D;01;02;0;  50;  3230;  3011;  3230;   589;1.360;758.2;Mon Jun  5 14:43:35 2017
D;01;02;0;  50;  3240;  3021;  3240;   579;1.359;758.0;Mon Jun  5 14:43:45 2017
D;01;02;0;  50;  3250;  3031;  3250;   569;1.359;757.9;Mon Jun  5 14:43:55 2017
D;01;02;0;  50;  3260;  3041;  3260;   559;1.359;757.8;Mon Jun  5 14:44:05 2017
D;01;02;0;  50;  3270;  3051;  3270;   549;1.359;757.6;Mon Jun  5 14:44:15 2017
D;01;02;0;  50;  3280;  3061;  3280;   539;1.358;757.5;Mon Jun  5 14:44:25 2017
D;01;02;0;  50;  3290;  3071;  3290;   529;1.359;757.3;Mon Jun  5 14:44:35 2017
D;01;02;0;  50;  3300;  3081;  3300;   519;1.358;757.2;Mon Jun  5 14:44:45 2017
D;01;02;0;  50;  3310;  3091;  3310;   509;1.358;757.1;Mon Jun  5 14:44:55 2017
D;01;02;0;  50;  3320;  3101;  3320;   499;1.359;756.9;Mon Jun  5 14:45:05 2017
D;01;02;0;  50;  3330;  3111;  3330;   489;1.358;756.8;Mon Jun  5 14:45:15 2017
D;01;02;0;  50;  3340;  3121;  3340;   479;1.358;756.7;Mon Jun  5 14:45:25 2017
D;01;02;0;  50;  3350;  3131;  3350;   469;1.358;756.5;Mon Jun  5 14:45:35 2017
D;01;02;0;  50;  3360;  3141;  3360;   459;1.357;756.4;Mon Jun  5 14:45:45 2017
D;01;02;0;  50;  3370;  3151;  3370;   449;1.357;756.2;Mon Jun  5 14:45:55 2017
D;01;02;0;  50;  3380;  3161;  3380;   439;1.357;756.1;Mon Jun  5 14:46:05 2017
D;01;02;0;  50;  3390;  3171;  3390;   429;1.357;756.0;Mon Jun  5 14:46:15 2017
D;01;02;0;  50;  3400;  3181;  3400;   419;1.356;755.8;Mon Jun  5 14:46:25 2017
D;01;02;0;  50;  3410;  3191;  3410;   409;1.356;755.7;Mon Jun  5 14:46:35 2017
D;01;02;0;  50;  3420;  3201;  3420;   399;1.357;755.5;Mon Jun  5 14:46:45 2017
D;01;02;0;  50;  3430;  3211;  3430;   389;1.357;755.4;Mon Jun  5 14:46:55 2017
D;01;02;0;  50;  3440;  3221;  3440;   379;1.356;755.3;Mon Jun  5 14:47:05 2017
D;01;02;0;  50;  3450;  3231;  3450;   369;1.356;755.1;Mon Jun  5 14:47:15 2017
D;01;02;0;  50;  3460;  3241;  3460;   359;1.356;755.0;Mon Jun  5 14:47:25 2017
D;01;02;0;  50;  3470;  3251;  3470;   349;1.355;754.8;Mon Jun  5 14:47:35 2017
D;01;02;0;  50;  3480;  3261;  3480;   339;1.355;754.7;Mon Jun  5 14:47:45 2017
D;01;02;0;  50;  3490;  3271;  3490;   329;1.356;754.6;Mon Jun  5 14:47:55 2017
D;01;02;0;  50;  3500;  3281;  3500;   319;1.355;754.4;Mon Jun  5 14:48:05 2017
D;01;02;0;  50;  3510;  3291;  3510;   309;1.355;754.3;Mon Jun  5 14:48:15 2017
D;01;02;0;  50;  3520;  3301;  3520;   299;1.355;754.2;Mon Jun  5 14:48:25 2017
D;01;02;0;  50;  3530;  3311;  3530;   289;1.355;754.0;Mon Jun  5 14:48:35 2017
D;01;02;0;  50;  3540;  3321;  3540;   279;1.354;753.9;Mon Jun  5 14:48:45 2017
D;01;02;0;  50;  3550;  3331;  3550;   269;1.355;753.7;Mon Jun  5 14:48:55 2017
D;01;02;0;  50;  3560;  3341;  3560;   259;1.354;753.6;Mon Jun  5 14:49:05 2017
D;01;02;0;  50;  3570;  3351;  3570;   249;1.353;753.5;Mon Jun  5 14:49:15 2017
D;01;02;0;  50;  3580;  3361;  3580;   239;1.354;753.3;Mon Jun  5 14:49:25 2017
D;01;02;0;  50;  3590;  3371;  3590;   229;1.354;753.2;Mon Jun  5 14:49:35 2017
D;01;02;0;  50;  3600;  3381;  3600;   219;1.354;753.0;Mon Jun  5 14:49:45 2017
D;01;02;0;  50;  3610;  3391;  3610;   209;1.354;752.9;Mon Jun  5 14:49:55 2017
D;01;02;0;  50;  3620;  3401;  3620;   199;1.353;752.8;Mon Jun  5 14:50:05 2017
D;01;02;0;  50;  3630;  3411;  3630;   189;1.353;752.6;Mon Jun  5 14:50:15 2017
D;01;02;0;  50;  3640;  3421;  3640;   179;1.352;752.5;Mon Jun  5 14:50:25 2017
D;01;02;0;  50;  3650;  3431;  3650;   169;1.353;752.3;Mon Jun  5 14:50:35 2017
D;01;02;0;  50;  3660;  3441;  3660;   159;1.352;752.2;Mon Jun  5 14:50:45 2017
D;01;02;0;  50;  3670;  3451;  3670;   149;1.352;752.1;Mon Jun  5 14:50:55 2017
D;01;02;0;  50;  3680;  3461;  3680;   139;1.353;751.9;Mon Jun  5 14:51:05 2017
D;01;02;0;  50;  3690;  3471;  3690;   129;1.352;751.8;Mon Jun  5 14:51:15 2017
D;01;02;0;  50;  3700;  3481;  3700;   119;1.352;751.7;Mon Jun  5 14:51:25 2017
D;01;02;0;  50;  3710;  3491;  3710;   109;1.352;751.5;Mon Jun  5 14:51:35 2017
D;01;02;0;  50;  3720;  3501;  3720;    99;1.352;751.4;Mon Jun  5 14:51:45 2017
D;01;02;0;  50;  3730;  3511;  3730;    89;1.351;751.2;Mon Jun  5 14:51:55 2017
D;01;02;0;  50;  3740;  3521;  3740;    79;1.351;751.1;Mon Jun  5 14:52:05 2017
D;01;02;0;  50;  3750;  3531;  3750;    69;1.352;751.0;Mon Jun  5 14:52:15 2017
D;01;02;0;  50;  3760;  3541;  3760;    59;1.351;750.8;Mon Jun  5 14:52:25 2017
D;01;02;0;  50;  3770;  3551;  3770;    49;1.351;750.7;Mon Jun  5 14:52:35 2017
D;01;02;0;  50;  3780;  3561;  3780;    39;1.351;750.5;Mon Jun  5 14:52:45 2017
D;01;02;0;  50;  3790;  3571;  3790;    29;1.351;750.4;Mon Jun  5 14:52:55 2017
D;01;02;0;  50;  3800;  3581;  3800;    19;1.350;750.3;Mon Jun  5 14:53:05 2017
D;01;02;0;  50;  3810;  3591;  3810;     9;1.351;750.1;Mon Jun  5 14:53:15 2017
C;01;03;0;   0;  3820;     0;  3820;   600;1.358;750.0;Mon Jun  5 14:53:25 2017
C;01;03;0;   0;  3830;    10;  3830;   590;1.359;750.0;Mon Jun  5 14:53:35 2017
C;01;03;0;   0;  3840;    20;  3840;   580;1.359;750.0;Mon Jun  5 14:53:45 2017
C;01;03;0;   0;  3850;    30;  3850;   570;1.360;750.0;Mon Jun  5 14:53:55 2017
C;01;03;0;   0;  3860;    40;  3860;   560;1.360;750.0;Mon Jun  5 14:54:05 2017
C;01;03;0;   0;  3870;    50;  3870;   550;1.361;750.0;Mon Jun  5 14:54:15 2017
C;01;03;0;   0;  3880;    60;  3880;   540;1.361;750.0;Mon Jun  5 14:54:25 2017
C;01;03;0;   0;  3890;    70;  3890;   530;1.361;750.0;Mon Jun  5 14:54:35 2017
C;01;03;0;   0;  3900;    80;  3900;   520;1.360;750.0;Mon Jun  5 14:54:45 2017
C;01;03;0;   0;  3910;    90;  3910;   510;1.361;750.0;Mon Jun  5 14:54:55 2017
C;01;03;0;   0;  3920;   100;  3920;   500;1.361;750.0;Mon Jun  5 14:55:05 2017
C;01;03;0;   0;  3930;   110;  3930;   490;1.361;750.0;Mon Jun  5 14:55:15 2017
C;01;03;0;   0;  3950;   130;  3950;   470;1.362;750.0;Mon Jun  5 14:55:35 2017
C;01;03;0;   0;  3960;   140;  3960;   460;1.362;750.0;Mon Jun  5 14:55:45 2017
C;01;03;0;   0;  3970;   150;  3970;   450;1.362;750.0;Mon Jun  5 14:55:55 2017
C;01;03;0;   0;  3980;   160;  3980;   440;1.362;750.0;Mon Jun  5 14:56:05 2017
C;01;03;0;   0;  3990;   170;  3990;   430;1.362;750.0;Mon Jun  5 14:56:15 2017
C;01;03;0;   0;  4000;   180;  4000;   420;1.362;750.0;Mon Jun  5 14:56:25 2017
C;01;03;0;   0;  4010;   190;  4010;   410;1.362;750.0;Mon Jun  5 14:56:35 2017
C;01;03;0;   0;  4020;   200;  4020;   400;1.363;750.0;Mon Jun  5 14:56:45 2017
C;01;03;0;   0;  4030;   210;  4030;   390;1.362;750.0;Mon Jun  5 14:56:55 2017
C;01;03;0;   0;  4040;   220;  4040;   380;1.363;750.0;Mon Jun  5 14:57:05 2017
C;01;03;0;   0;  4050;   230;  4050;   370;1.363;750.0;Mon Jun  5 14:57:15 2017
C;01;03;0;   0;  4070;   250;  4070;   350;1.362;750.0;Mon Jun  5 14:57:35 2017
C;01;03;0;   0;  4080;   260;  4080;   340;1.363;750.0;Mon Jun  5 14:57:45 2017
C;01;03;0;   0;  4090;   270;  4090;   330;1.362;750.0;Mon Jun  5 14:57:55 2017
C;01;03;0;   0;  4100;   280;  4100;   320;1.363;750.0;Mon Jun  5 14:58:05 2017
C;01;03;0;   0;  4110;   290;  4110;   310;1.363;750.0;Mon Jun  5 14:58:15 2017
C;01;03;0;   0;  4120;   300;  4120;   300;1.364;750.0;Mon Jun  5 14:58:25 2017
C;01;03;0;   0;  4130;   310;  4130;   290;1.364;750.0;Mon Jun  5 14:58:35 2017
C;01;03;0;   0;  4140;   320;  4140;   280;1.364;750.0;Mon Jun  5 14:58:45 2017
C;01;03;0;   0;  4150;   330;  4150;   270;1.363;750.0;Mon Jun  5 14:58:55 2017
C;01;03;0;   0;  4160;   340;  4160;   260;1.363;750.0;Mon Jun  5 14:59:05 2017
C;01;03;0;   0;  4170;   350;  4170;   250;1.363;750.0;Mon Jun  5 14:59:15 2017
C;01;03;0;   0;  4180;   360;  4180;   240;1.364;750.0;Mon Jun  5 14:59:25 2017
C;01;03;0;   0;  4190;   370;  4190;   230;1.364;750.0;Mon Jun  5 14:59:35 2017
C;01;03;0;   0;  4200;   380;  4200;   220;1.364;750.0;Mon Jun  5 14:59:45 2017
C;01;03;0;   0;  4210;   390;  4210;   210;1.364;750.0;Mon Jun  5 14:59:55 2017
C;01;03;0;   0;  4220;   400;  4220;   200;1.364;750.0;Mon Jun  5 15:00:05 2017
C;01;03;0;   0;  4230;   410;  4230;   190;1.364;750.0;Mon Jun  5 15:00:15 2017
C;01;03;0;   0;  4240;   420;  4240;   180;1.364;750.0;Mon Jun  5 15:00:25 2017
C;01;03;0;   0;  4250;   430;  4250;   170;1.365;750.0;Mon Jun  5 15:00:35 2017
C;01;03;0;   0;  4260;   440;  4260;   160;1.364;750.0;Mon Jun  5 15:00:45 2017
C;01;03;0;   0;  4270;   450;  4270;   150;1.364;750.0;Mon Jun  5 15:00:55 2017
C;01;03;0;   0;  4280;   460;  4280;   140;1.365;750.0;Mon Jun  5 15:01:05 2017
C;01;03;0;   0;  4290;   470;  4290;   130;1.364;750.0;Mon Jun  5 15:01:15 2017
C;01;03;0;   0;  4300;   480;  4300;   120;1.364;750.0;Mon Jun  5 15:01:25 2017
C;01;03;0;   0;  4310;   490;  4310;   110;1.365;750.0;Mon Jun  5 15:01:35 2017
C;01;03;0;   0;  4320;   500;  4320;   100;1.365;750.0;Mon Jun  5 15:01:45 2017
C;01;03;0;   0;  4330;   510;  4330;    90;1.364;750.0;Mon Jun  5 15:01:55 2017
C;01;03;0;   0;  4340;   520;  4340;    80;1.364;750.0;Mon Jun  5 15:02:05 2017
C;01;03;0;   0;  4350;   530;  4350;    70;1.364;750.0;Mon Jun  5 15:02:15 2017
C;01;03;0;   0;  4360;   540;  4360;    60;1.364;750.0;Mon Jun  5 15:02:25 2017
C;01;03;0;   0;  4370;   550;  4370;    50;1.364;750.0;Mon Jun  5 15:02:35 2017
C;01;03;0;   0;  4380;   560;  4380;    40;1.365;750.0;Mon Jun  5 15:02:45 2017
C;01;03;0;   0;  4390;   570;  4390;    30;1.365;750.0;Mon Jun  5 15:02:55 2017
C;01;03;0;   0;  4400;   580;  4400;    20;1.365;750.0;Mon Jun  5 15:03:05 2017
C;01;03;0;   0;  4410;   590;  4410;    10;1.365;750.0;Mon Jun  5 15:03:15 2017
C;01;03;0;   0;  4420;   600;  4420;     0;1.365;750.0;Mon Jun  5 15:03:25 2017
C;01;04;0;  50;  4430;     9;  4430;  3591;1.373;750.1;Mon Jun  5 15:03:35 2017
C;01;04;0;  50;  4440;    19;  4440;  3581;1.373;750.2;Mon Jun  5 15:03:45 2017
C;01;04;0;  50;  4450;    29;  4450;  3571;1.375;750.4;Mon Jun  5 15:03:55 2017
C;01;04;0;  50;  4460;    39;  4460;  3561;1.375;750.5;Mon Jun  5 15:04:05 2017
C;01;04;0;  50;  4470;    49;  4470;  3551;1.376;750.7;Mon Jun  5 15:04:15 2017
C;01;04;0;  50;  4480;    59;  4480;  3541;1.376;750.8;Mon Jun  5 15:04:25 2017
C;01;04;0;  50;  4490;    69;  4490;  3531;1.377;750.9;Mon Jun  5 15:04:35 2017
C;01;04;0;  50;  4500;    79;  4500;  3521;1.377;751.1;Mon Jun  5 15:04:45 2017
C;01;04;0;  50;  4510;    89;  4510;  3511;1.377;751.2;Mon Jun  5 15:04:55 2017
C;01;04;0;  50;  4520;    99;  4520;  3501;1.377;751.4;Mon Jun  5 15:05:05 2017
C;01;04;0;  50;  4530;   109;  4530;  3491;1.378;751.5;Mon Jun  5 15:05:15 2017
C;01;04;0;  50;  4540;   119;  4540;  3481;1.379;751.6;Mon Jun  5 15:05:25 2017
C;01;04;0;  50;  4550;   129;  4550;  3471;1.379;751.8;Mon Jun  5 15:05:35 2017
C;01;04;0;  50;  4560;   139;  4560;  3461;1.379;751.9;Mon Jun  5 15:05:45 2017
C;01;04;0;  50;  4570;   149;  4570;  3451;1.380;752.1;Mon Jun  5 15:05:55 2017
C;01;04;0;  50;  4580;   159;  4580;  3441;1.380;752.2;Mon Jun  5 15:06:05 2017
C;01;04;0;  50;  4590;   169;  4590;  3431;1.380;752.3;Mon Jun  5 15:06:15 2017
C;01;04;0;  50;  4600;   179;  4600;  3421;1.381;752.5;Mon Jun  5 15:06:25 2017
C;01;04;0;  50;  4620;   199;  4620;  3401;1.381;752.7;Mon Jun  5 15:06:45 2017
C;01;04;0;  50;  4630;   209;  4630;  3391;1.381;752.9;Mon Jun  5 15:06:55 2017
C;01;04;0;  50;  4640;   219;  4640;  3381;1.382;753.0;Mon Jun  5 15:07:05 2017
C;01;04;0;  50;  4650;   229;  4650;  3371;1.382;753.2;Mon Jun  5 15:07:15 2017
C;01;04;0;  50;  4660;   239;  4660;  3361;1.382;753.3;Mon Jun  5 15:07:25 2017
C;01;04;0;  50;  4670;   249;  4670;  3351;1.383;753.4;Mon Jun  5 15:07:35 2017
C;01;04;0;  50;  4680;   259;  4680;  3341;1.383;753.6;Mon Jun  5 15:07:45 2017
C;01;04;0;  50;  4690;   269;  4690;  3331;1.383;753.7;Mon Jun  5 15:07:55 2017
C;01;04;0;  50;  4700;   279;  4700;  3321;1.384;753.9;Mon Jun  5 15:08:05 2017
C;01;04;0;  50;  4710;   289;  4710;  3311;1.385;754.0;Mon Jun  5 15:08:15 2017
C;01;04;0;  50;  4720;   299;  4720;  3301;1.385;754.1;Mon Jun  5 15:08:25 2017
C;01;04;0;  50;  4740;   319;  4740;  3281;1.386;754.4;Mon Jun  5 15:08:45 2017
C;01;04;0;  50;  4750;   329;  4750;  3271;1.386;754.6;Mon Jun  5 15:08:55 2017
C;01;04;0;  50;  4760;   339;  4760;  3261;1.386;754.7;Mon Jun  5 15:09:05 2017
C;01;04;0;  50;  4770;   349;  4770;  3251;1.386;754.8;Mon Jun  5 15:09:15 2017
C;01;04;0;  50;  4780;   359;  4780;  3241;1.386;755.0;Mon Jun  5 15:09:25 2017
C;01;04;0;  50;  4790;   369;  4790;  3231;1.387;755.1;Mon Jun  5 15:09:35 2017
C;01;04;0;  50;  4800;   379;  4800;  3221;1.387;755.2;Mon Jun  5 15:09:45 2017
C;01;04;0;  50;  4810;   389;  4810;  3211;1.388;755.4;Mon Jun  5 15:09:55 2017
C;01;04;0;  50;  4820;   399;  4820;  3201;1.388;755.5;Mon Jun  5 15:10:05 2017
C;01;04;0;  50;  4830;   409;  4830;  3191;1.388;755.7;Mon Jun  5 15:10:15 2017
C;01;04;0;  50;  4840;   419;  4840;  3181;1.388;755.8;Mon Jun  5 15:10:25 2017
C;01;04;0;  50;  4860;   439;  4860;  3161;1.388;756.1;Mon Jun  5 15:10:45 2017
C;01;04;0;  50;  4870;   449;  4870;  3151;1.389;756.2;Mon Jun  5 15:10:55 2017
C;01;04;0;  50;  4880;   459;  4880;  3141;1.389;756.4;Mon Jun  5 15:11:05 2017
C;01;04;0;  50;  4890;   469;  4890;  3131;1.389;756.5;Mon Jun  5 15:11:15 2017
C;01;04;0;  50;  4900;   479;  4900;  3121;1.390;756.6;Mon Jun  5 15:11:25 2017
C;01;04;0;  50;  4910;   489;  4910;  3111;1.391;756.8;Mon Jun  5 15:11:35 2017
C;01;04;0;  50;  4920;   499;  4920;  3101;1.391;756.9;Mon Jun  5 15:11:45 2017
C;01;04;0;  50;  4930;   509;  4930;  3091;1.391;757.1;Mon Jun  5 15:11:55 2017
C;01;04;0;  50;  4940;   519;  4940;  3081;1.392;757.2;Mon Jun  5 15:12:05 2017
C;01;04;0;  50;  4950;   529;  4950;  3071;1.392;757.3;Mon Jun  5 15:12:15 2017
C;01;04;0;  50;  4960;   539;  4960;  3061;1.392;757.5;Mon Jun  5 15:12:25 2017
C;01;04;0;  50;  4980;   559;  4980;  3041;1.392;757.7;Mon Jun  5 15:12:45 2017
C;01;04;0;  50;  4990;   569;  4990;  3031;1.392;757.9;Mon Jun  5 15:12:55 2017
C;01;04;0;  50;  5000;   579;  5000;  3021;1.393;758.0;Mon Jun  5 15:13:05 2017
C;01;04;0;  50;  5010;   589;  5010;  3011;1.394;758.2;Mon Jun  5 15:13:15 2017
C;01;04;0;  50;  5020;   599;  5020;  3001;1.394;758.3;Mon Jun  5 15:13:25 2017
C;01;04;0;  50;  5030;   609;  5030;  2991;1.394;758.4;Mon Jun  5 15:13:35 2017
C;01;04;0;  50;  5040;   619;  5040;  2981;1.394;758.6;Mon Jun  5 15:13:45 2017
C;01;04;0;  50;  5050;   629;  5050;  2971;1.394;758.7;Mon Jun  5 15:13:55 2017
C;01;04;0;  50;  5060;   639;  5060;  2961;1.394;758.9;Mon Jun  5 15:14:05 2017
C;01;04;0;  50;  5070;   649;  5070;  2951;1.395;759.0;Mon Jun  5 15:14:15 2017
C;01;04;0;  50;  5080;   659;  5080;  2941;1.395;759.1;Mon Jun  5 15:14:25 2017
C;01;04;0;  50;  5100;   679;  5100;  2921;1.397;759.4;Mon Jun  5 15:14:45 2017
C;01;04;0;  50;  5110;   689;  5110;  2911;1.397;759.6;Mon Jun  5 15:14:55 2017
C;01;04;0;  50;  5120;   699;  5120;  2901;1.397;759.7;Mon Jun  5 15:15:05 2017
C;01;04;0;  50;  5130;   709;  5130;  2891;1.397;759.8;Mon Jun  5 15:15:15 2017
C;01;04;0;  50;  5140;   719;  5140;  2881;1.397;760.0;Mon Jun  5 15:15:25 2017
C;01;04;0;  50;  5150;   729;  5150;  2871;1.397;760.1;Mon Jun  5 15:15:35 2017
C;01;04;0;  50;  5160;   739;  5160;  2861;1.397;760.2;Mon Jun  5 15:15:45 2017
C;01;04;0;  50;  5170;   749;  5170;  2851;1.397;760.4;Mon Jun  5 15:15:55 2017
C;01;04;0;  50;  5180;   759;  5180;  2841;1.398;760.5;Mon Jun  5 15:16:05 2017
C;01;04;0;  50;  5190;   769;  5190;  2831;1.399;760.7;Mon Jun  5 15:16:15 2017
C;01;04;0;  50;  5200;   779;  5200;  2821;1.399;760.8;Mon Jun  5 15:16:25 2017
C;01;04;0;  50;  5220;   799;  5220;  2801;1.400;761.1;Mon Jun  5 15:16:45 2017
C;01;04;0;  50;  5230;   809;  5230;  2791;1.400;761.2;Mon Jun  5 15:16:55 2017
C;01;04;0;  50;  5240;   819;  5240;  2781;1.400;761.4;Mon Jun  5 15:17:05 2017
C;01;04;0;  50;  5250;   829;  5250;  2771;1.400;761.5;Mon Jun  5 15:17:15 2017
C;01;04;0;  50;  5260;   839;  5260;  2761;1.401;761.6;Mon Jun  5 15:17:25 2017
C;01;04;0;  50;  5270;   849;  5270;  2751;1.400;761.8;Mon Jun  5 15:17:35 2017
C;01;04;0;  50;  5280;   859;  5280;  2741;1.401;761.9;Mon Jun  5 15:17:45 2017
C;01;04;0;  50;  5290;   869;  5290;  2731;1.402;762.1;Mon Jun  5 15:17:55 2017
C;01;04;0;  50;  5300;   879;  5300;  2721;1.402;762.2;Mon Jun  5 15:18:05 2017
C;01;04;0;  50;  5310;   889;  5310;  2711;1.402;762.3;Mon Jun  5 15:18:15 2017
C;01;04;0;  50;  5320;   899;  5320;  2701;1.402;762.5;Mon Jun  5 15:18:25 2017
C;01;04;0;  50;  5340;   919;  5340;  2681;1.403;762.7;Mon Jun  5 15:18:45 2017
C;01;04;0;  50;  5350;   929;  5350;  2671;1.403;762.9;Mon Jun  5 15:18:55 2017
C;01;04;0;  50;  5360;   939;  5360;  2661;1.403;763.0;Mon Jun  5 15:19:05 2017
C;01;04;0;  50;  5370;   949;  5370;  2651;1.403;763.2;Mon Jun  5 15:19:15 2017
C;01;04;0;  50;  5380;   959;  5380;  2641;1.405;763.3;Mon Jun  5 15:19:25 2017
C;01;04;0;  50;  5390;   969;  5390;  2631;1.404;763.4;Mon Jun  5 15:19:35 2017
C;01;04;0;  50;  5400;   979;  5400;  2621;1.405;763.6;Mon Jun  5 15:19:45 2017
C;01;04;0;  50;  5410;   989;  5410;  2611;1.405;763.7;Mon Jun  5 15:19:55 2017
C;01;04;0;  50;  5420;   999;  5420;  2601;1.405;763.9;Mon Jun  5 15:20:05 2017
C;01;04;0;  50;  5430;  1009;  5430;  2591;1.405;764.0;Mon Jun  5 15:20:15 2017
C;01;04;0;  50;  5440;  1019;  5440;  2581;1.405;764.1;Mon Jun  5 15:20:25 2017
C;01;04;0;  50;  5460;  1039;  5460;  2561;1.406;764.4;Mon Jun  5 15:20:45 2017
C;01;04;0;  50;  5470;  1049;  5470;  2551;1.406;764.6;Mon Jun  5 15:20:55 2017
C;01;04;0;  50;  5480;  1059;  5480;  2541;1.407;764.7;Mon Jun  5 15:21:05 2017
C;01;04;0;  50;  5490;  1069;  5490;  2531;1.408;764.8;Mon Jun  5 15:21:15 2017
C;01;04;0;  50;  5500;  1079;  5500;  2521;1.407;765.0;Mon Jun  5 15:21:25 2017
C;01;04;0;  50;  5510;  1089;  5510;  2511;1.408;765.1;Mon Jun  5 15:21:35 2017
C;01;04;0;  50;  5520;  1099;  5520;  2501;1.409;765.2;Mon Jun  5 15:21:45 2017
C;01;04;0;  50;  5530;  1109;  5530;  2491;1.408;765.4;Mon Jun  5 15:21:55 2017
C;01;04;0;  50;  5540;  1119;  5540;  2481;1.409;765.5;Mon Jun  5 15:22:05 2017
C;01;04;0;  50;  5550;  1129;  5550;  2471;1.409;765.7;Mon Jun  5 15:22:15 2017
C;01;04;0;  50;  5560;  1139;  5560;  2461;1.409;765.8;Mon Jun  5 15:22:25 2017
C;01;04;0;  50;  5580;  1159;  5580;  2441;1.410;766.1;Mon Jun  5 15:22:45 2017
C;01;04;0;  50;  5590;  1169;  5590;  2431;1.411;766.2;Mon Jun  5 15:22:55 2017
C;01;04;0;  50;  5600;  1179;  5600;  2421;1.410;766.4;Mon Jun  5 15:23:05 2017
C;01;04;0;  50;  5610;  1189;  5610;  2411;1.411;766.5;Mon Jun  5 15:23:15 2017
C;01;04;0;  50;  5620;  1199;  5620;  2401;1.411;766.6;Mon Jun  5 15:23:25 2017
C;01;04;0;  50;  5630;  1209;  5630;  2391;1.411;766.8;Mon Jun  5 15:23:35 2017
C;01;04;0;  50;  5640;  1219;  5640;  2381;1.411;766.9;Mon Jun  5 15:23:45 2017
C;01;04;0;  50;  5650;  1229;  5650;  2371;1.412;767.1;Mon Jun  5 15:23:55 2017
C;01;04;0;  50;  5660;  1239;  5660;  2361;1.412;767.2;Mon Jun  5 15:24:05 2017
C;01;04;0;  50;  5670;  1249;  5670;  2351;1.413;767.3;Mon Jun  5 15:24:15 2017
C;01;04;0;  50;  5680;  1259;  5680;  2341;1.413;767.5;Mon Jun  5 15:24:25 2017
C;01;04;0;  50;  5700;  1279;  5700;  2321;1.413;767.7;Mon Jun  5 15:24:45 2017
C;01;04;0;  50;  5710;  1289;  5710;  2311;1.414;767.9;Mon Jun  5 15:24:55 2017
C;01;04;0;  50;  5720;  1299;  5720;  2301;1.414;768.0;Mon Jun  5 15:25:05 2017
C;01;04;0;  50;  5730;  1309;  5730;  2291;1.414;768.2;Mon Jun  5 15:25:15 2017
C;01;04;0;  50;  5740;  1319;  5740;  2281;1.415;768.3;Mon Jun  5 15:25:25 2017
C;01;04;0;  50;  5750;  1329;  5750;  2271;1.415;768.4;Mon Jun  5 15:25:35 2017
C;01;04;0;  50;  5760;  1339;  5760;  2261;1.415;768.6;Mon Jun  5 15:25:45 2017
C;01;04;0;  50;  5770;  1349;  5770;  2251;1.415;768.7;Mon Jun  5 15:25:55 2017
C;01;04;0;  50;  5780;  1359;  5780;  2241;1.416;768.9;Mon Jun  5 15:26:05 2017
C;01;04;0;  50;  5790;  1369;  5790;  2231;1.415;769.0;Mon Jun  5 15:26:15 2017
C;01;04;0;  50;  5800;  1379;  5800;  2221;1.416;769.1;Mon Jun  5 15:26:25 2017
C;01;04;0;  50;  5810;  1389;  5810;  2211;1.416;769.3;Mon Jun  5 15:26:35 2017
C;01;04;0;  50;  5820;  1399;  5820;  2201;1.416;769.4;Mon Jun  5 15:26:45 2017
C;01;04;0;  50;  5830;  1409;  5830;  2191;1.417;769.6;Mon Jun  5 15:26:55 2017
C;01;04;0;  50;  5840;  1419;  5840;  2181;1.418;769.7;Mon Jun  5 15:27:05 2017
C;01;04;0;  50;  5850;  1429;  5850;  2171;1.418;769.8;Mon Jun  5 15:27:15 2017
C;01;04;0;  50;  5860;  1439;  5860;  2161;1.418;770.0;Mon Jun  5 15:27:25 2017
C;01;04;0;  50;  5870;  1449;  5870;  2151;1.419;770.1;Mon Jun  5 15:27:35 2017
C;01;04;0;  50;  5880;  1459;  5880;  2141;1.419;770.2;Mon Jun  5 15:27:45 2017
C;01;04;0;  50;  5890;  1469;  5890;  2131;1.418;770.4;Mon Jun  5 15:27:55 2017
C;01;04;0;  50;  5900;  1479;  5900;  2121;1.418;770.5;Mon Jun  5 15:28:05 2017
C;01;04;0;  50;  5910;  1489;  5910;  2111;1.419;770.7;Mon Jun  5 15:28:15 2017
C;01;04;0;  50;  5920;  1499;  5920;  2101;1.419;770.8;Mon Jun  5 15:28:25 2017
C;01;04;0;  50;  5930;  1509;  5930;  2091;1.420;770.9;Mon Jun  5 15:28:35 2017
C;01;04;0;  50;  5940;  1519;  5940;  2081;1.420;771.1;Mon Jun  5 15:28:45 2017
C;01;04;0;  50;  5950;  1529;  5950;  2071;1.420;771.2;Mon Jun  5 15:28:55 2017
C;01;04;0;  50;  5960;  1539;  5960;  2061;1.421;771.4;Mon Jun  5 15:29:05 2017
C;01;04;0;  50;  5970;  1549;  5970;  2051;1.421;771.5;Mon Jun  5 15:29:15 2017
C;01;04;0;  50;  5980;  1559;  5980;  2041;1.421;771.6;Mon Jun  5 15:29:25 2017
C;01;04;0;  50;  5990;  1569;  5990;  2031;1.421;771.8;Mon Jun  5 15:29:35 2017
C;01;04;0;  50;  6010;  1589;  6010;  2011;1.422;772.1;Mon Jun  5 15:29:55 2017
C;01;04;0;  50;  6020;  1599;  6020;  2001;1.422;772.2;Mon Jun  5 15:30:05 2017
C;01;04;0;  50;  6030;  1609;  6030;  1991;1.423;772.3;Mon Jun  5 15:30:15 2017
C;01;04;0;  50;  6040;  1619;  6040;  1981;1.423;772.5;Mon Jun  5 15:30:25 2017
C;01;04;0;  50;  6050;  1629;  6050;  1971;1.423;772.6;Mon Jun  5 15:30:35 2017
C;01;04;0;  50;  6060;  1639;  6060;  1961;1.423;772.7;Mon Jun  5 15:30:45 2017
C;01;04;0;  50;  6070;  1649;  6070;  1951;1.424;772.9;Mon Jun  5 15:30:55 2017
C;01;04;0;  50;  6080;  1659;  6080;  1941;1.423;773.0;Mon Jun  5 15:31:05 2017
C;01;04;0;  50;  6090;  1669;  6090;  1931;1.424;773.2;Mon Jun  5 15:31:15 2017
C;01;04;0;  50;  6100;  1679;  6100;  1921;1.425;773.3;Mon Jun  5 15:31:25 2017
C;01;04;0;  50;  6110;  1689;  6110;  1911;1.424;773.4;Mon Jun  5 15:31:35 2017
C;01;04;0;  50;  6120;  1699;  6120;  1901;1.425;773.6;Mon Jun  5 15:31:45 2017
C;01;04;0;  50;  6130;  1709;  6130;  1891;1.425;773.7;Mon Jun  5 15:31:55 2017
C;01;04;0;  50;  6140;  1719;  6140;  1881;1.425;773.9;Mon Jun  5 15:32:05 2017
C;01;04;0;  50;  6150;  1729;  6150;  1871;1.425;774.0;Mon Jun  5 15:32:15 2017
C;01;04;0;  50;  6160;  1739;  6160;  1861;1.426;774.1;Mon Jun  5 15:32:25 2017
C;01;04;0;  50;  6170;  1749;  6170;  1851;1.426;774.3;Mon Jun  5 15:32:35 2017
C;01;04;0;  50;  6180;  1759;  6180;  1841;1.426;774.4;Mon Jun  5 15:32:45 2017
C;01;04;0;  50;  6200;  1779;  6200;  1821;1.428;774.7;Mon Jun  5 15:33:05 2017
C;01;04;0;  50;  6210;  1789;  6210;  1811;1.428;774.8;Mon Jun  5 15:33:15 2017
C;01;04;0;  50;  6220;  1799;  6220;  1801;1.428;775.0;Mon Jun  5 15:33:25 2017
C;01;04;0;  50;  6230;  1809;  6230;  1791;1.428;775.1;Mon Jun  5 15:33:35 2017
C;01;04;0;  50;  6240;  1819;  6240;  1781;1.428;775.2;Mon Jun  5 15:33:45 2017
C;01;04;0;  50;  6250;  1829;  6250;  1771;1.428;775.4;Mon Jun  5 15:33:55 2017
C;01;04;0;  50;  6260;  1839;  6260;  1761;1.428;775.5;Mon Jun  5 15:34:05 2017
C;01;04;0;  50;  6270;  1849;  6270;  1751;1.428;775.7;Mon Jun  5 15:34:15 2017
C;01;04;0;  50;  6280;  1859;  6280;  1741;1.429;775.8;Mon Jun  5 15:34:25 2017
C;01;04;0;  50;  6290;  1869;  6290;  1731;1.430;775.9;Mon Jun  5 15:34:35 2017
C;01;04;0;  50;  6300;  1879;  6300;  1721;1.430;776.1;Mon Jun  5 15:34:45 2017
C;01;04;0;  50;  6310;  1889;  6310;  1711;1.430;776.2;Mon Jun  5 15:34:55 2017
C;01;04;0;  50;  6320;  1899;  6320;  1701;1.430;776.4;Mon Jun  5 15:35:05 2017
C;01;04;0;  50;  6330;  1909;  6330;  1691;1.431;776.5;Mon Jun  5 15:35:15 2017
C;01;04;0;  50;  6340;  1919;  6340;  1681;1.430;776.6;Mon Jun  5 15:35:25 2017
C;01;04;0;  50;  6350;  1929;  6350;  1671;1.431;776.8;Mon Jun  5 15:35:35 2017
C;01;04;0;  50;  6360;  1939;  6360;  1661;1.432;776.9;Mon Jun  5 15:35:45 2017
C;01;04;0;  50;  6370;  1949;  6370;  1651;1.431;777.1;Mon Jun  5 15:35:55 2017
C;01;04;0;  50;  6380;  1959;  6380;  1641;1.432;777.2;Mon Jun  5 15:36:05 2017
C;01;04;0;  50;  6390;  1969;  6390;  1631;1.432;777.3;Mon Jun  5 15:36:15 2017
C;01;04;0;  50;  6400;  1979;  6400;  1621;1.433;777.5;Mon Jun  5 15:36:25 2017
C;01;04;0;  50;  6410;  1989;  6410;  1611;1.433;777.6;Mon Jun  5 15:36:35 2017
C;01;04;0;  50;  6420;  1999;  6420;  1601;1.433;777.7;Mon Jun  5 15:36:45 2017
C;01;04;0;  50;  6430;  2009;  6430;  1591;1.433;777.9;Mon Jun  5 15:36:55 2017
C;01;04;0;  50;  6440;  2019;  6440;  1581;1.433;778.0;Mon Jun  5 15:37:05 2017
C;01;04;0;  50;  6450;  2029;  6450;  1571;1.434;778.2;Mon Jun  5 15:37:15 2017
C;01;04;0;  50;  6460;  2039;  6460;  1561;1.434;778.3;Mon Jun  5 15:37:25 2017
C;01;04;0;  50;  6470;  2049;  6470;  1551;1.434;778.4;Mon Jun  5 15:37:35 2017
C;01;04;0;  50;  6480;  2059;  6480;  1541;1.435;778.6;Mon Jun  5 15:37:45 2017
C;01;04;0;  50;  6490;  2069;  6490;  1531;1.435;778.7;Mon Jun  5 15:37:55 2017
C;01;04;0;  50;  6500;  2079;  6500;  1521;1.435;778.9;Mon Jun  5 15:38:05 2017
C;01;04;0;  50;  6510;  2089;  6510;  1511;1.435;779.0;Mon Jun  5 15:38:15 2017
C;01;04;0;  50;  6520;  2099;  6520;  1501;1.436;779.1;Mon Jun  5 15:38:25 2017
C;01;04;0;  50;  6530;  2109;  6530;  1491;1.436;779.3;Mon Jun  5 15:38:35 2017
C;01;04;0;  50;  6540;  2119;  6540;  1481;1.436;779.4;Mon Jun  5 15:38:45 2017
C;01;04;0;  50;  6550;  2129;  6550;  1471;1.437;779.6;Mon Jun  5 15:38:55 2017
C;01;04;0;  50;  6560;  2139;  6560;  1461;1.437;779.7;Mon Jun  5 15:39:05 2017
C;01;04;0;  50;  6570;  2149;  6570;  1451;1.438;779.8;Mon Jun  5 15:39:15 2017
C;01;04;0;  50;  6580;  2159;  6580;  1441;1.437;780.0;Mon Jun  5 15:39:25 2017
C;01;04;0;  50;  6590;  2169;  6590;  1431;1.438;780.1;Mon Jun  5 15:39:35 2017
C;01;04;0;  50;  6600;  2179;  6600;  1421;1.438;780.2;Mon Jun  5 15:39:45 2017
C;01;04;0;  50;  6610;  2189;  6610;  1411;1.438;780.4;Mon Jun  5 15:39:55 2017
C;01;04;0;  50;  6620;  2199;  6620;  1401;1.438;780.5;Mon Jun  5 15:40:05 2017
C;01;04;0;  50;  6630;  2209;  6630;  1391;1.438;780.7;Mon Jun  5 15:40:15 2017
C;01;04;0;  50;  6640;  2219;  6640;  1381;1.439;780.8;Mon Jun  5 15:40:25 2017
C;01;04;0;  50;  6650;  2229;  6650;  1371;1.439;780.9;Mon Jun  5 15:40:35 2017
C;01;04;0;  50;  6660;  2239;  6660;  1361;1.440;781.1;Mon Jun  5 15:40:45 2017
C;01;04;0;  50;  6670;  2249;  6670;  1351;1.440;781.2;Mon Jun  5 15:40:55 2017
C;01;04;0;  50;  6680;  2259;  6680;  1341;1.440;781.4;Mon Jun  5 15:41:05 2017
C;01;04;0;  50;  6700;  2279;  6700;  1321;1.440;781.6;Mon Jun  5 15:41:25 2017
C;01;04;0;  50;  6710;  2289;  6710;  1311;1.440;781.8;Mon Jun  5 15:41:35 2017
C;01;04;0;  50;  6720;  2299;  6720;  1301;1.441;781.9;Mon Jun  5 15:41:45 2017
C;01;04;0;  50;  6730;  2309;  6730;  1291;1.441;782.1;Mon Jun  5 15:41:55 2017
C;01;04;0;  50;  6740;  2319;  6740;  1281;1.442;782.2;Mon Jun  5 15:42:05 2017
C;01;04;0;  50;  6750;  2329;  6750;  1271;1.442;782.3;Mon Jun  5 15:42:15 2017
C;01;04;0;  50;  6760;  2339;  6760;  1261;1.443;782.5;Mon Jun  5 15:42:25 2017
C;01;04;0;  50;  6770;  2349;  6770;  1251;1.443;782.6;Mon Jun  5 15:42:35 2017
C;01;04;0;  50;  6780;  2359;  6780;  1241;1.443;782.7;Mon Jun  5 15:42:45 2017
C;01;04;0;  50;  6790;  2369;  6790;  1231;1.443;782.9;Mon Jun  5 15:42:55 2017
C;01;04;0;  50;  6800;  2379;  6800;  1221;1.443;783.0;Mon Jun  5 15:43:05 2017
C;01;04;0;  50;  6810;  2389;  6810;  1211;1.444;783.2;Mon Jun  5 15:43:15 2017
C;01;04;0;  50;  6820;  2399;  6820;  1201;1.444;783.3;Mon Jun  5 15:43:25 2017
C;01;04;0;  50;  6830;  2409;  6830;  1191;1.444;783.4;Mon Jun  5 15:43:35 2017
C;01;04;0;  50;  6840;  2419;  6840;  1181;1.445;783.6;Mon Jun  5 15:43:45 2017
C;01;04;0;  50;  6850;  2429;  6850;  1171;1.445;783.7;Mon Jun  5 15:43:55 2017
C;01;04;0;  50;  6860;  2439;  6860;  1161;1.445;783.9;Mon Jun  5 15:44:05 2017
C;01;04;0;  50;  6870;  2449;  6870;  1151;1.445;784.0;Mon Jun  5 15:44:15 2017
C;01;04;0;  50;  6890;  2469;  6890;  1131;1.445;784.3;Mon Jun  5 15:44:35 2017
C;01;04;0;  50;  6900;  2479;  6900;  1121;1.446;784.4;Mon Jun  5 15:44:45 2017
C;01;04;0;  50;  6910;  2489;  6910;  1111;1.446;784.6;Mon Jun  5 15:44:55 2017
C;01;04;0;  50;  6920;  2499;  6920;  1101;1.447;784.7;Mon Jun  5 15:45:05 2017
C;01;04;0;  50;  6930;  2509;  6930;  1091;1.447;784.8;Mon Jun  5 15:45:15 2017
C;01;04;0;  50;  6940;  2519;  6940;  1081;1.447;785.0;Mon Jun  5 15:45:25 2017
C;01;04;0;  50;  6950;  2529;  6950;  1071;1.448;785.1;Mon Jun  5 15:45:35 2017
C;01;04;0;  50;  6960;  2539;  6960;  1061;1.447;785.2;Mon Jun  5 15:45:45 2017
C;01;04;0;  50;  6970;  2549;  6970;  1051;1.448;785.4;Mon Jun  5 15:45:55 2017
C;01;04;0;  50;  6980;  2559;  6980;  1041;1.448;785.5;Mon Jun  5 15:46:05 2017
C;01;04;0;  50;  6990;  2569;  6990;  1031;1.448;785.7;Mon Jun  5 15:46:15 2017
C;01;04;0;  50;  7000;  2579;  7000;  1021;1.449;785.8;Mon Jun  5 15:46:25 2017
C;01;04;0;  50;  7010;  2589;  7010;  1011;1.449;785.9;Mon Jun  5 15:46:35 2017
C;01;04;0;  50;  7020;  2599;  7020;  1001;1.449;786.1;Mon Jun  5 15:46:45 2017
C;01;04;0;  50;  7030;  2609;  7030;   991;1.450;786.2;Mon Jun  5 15:46:55 2017
C;01;04;0;  50;  7040;  2619;  7040;   981;1.450;786.4;Mon Jun  5 15:47:05 2017
C;01;04;0;  50;  7050;  2629;  7050;   971;1.450;786.5;Mon Jun  5 15:47:15 2017
C;01;04;0;  50;  7060;  2639;  7060;   961;1.450;786.6;Mon Jun  5 15:47:25 2017
C;01;04;0;  50;  7070;  2649;  7070;   951;1.450;786.8;Mon Jun  5 15:47:35 2017
C;01;04;0;  50;  7080;  2659;  7080;   941;1.450;786.9;Mon Jun  5 15:47:45 2017
C;01;04;0;  50;  7090;  2669;  7090;   931;1.451;787.1;Mon Jun  5 15:47:55 2017
C;01;04;0;  50;  7100;  2679;  7100;   921;1.452;787.2;Mon Jun  5 15:48:05 2017
C;01;04;0;  50;  7110;  2689;  7110;   911;1.452;787.3;Mon Jun  5 15:48:15 2017
C;01;04;0;  50;  7120;  2699;  7120;   901;1.452;787.5;Mon Jun  5 15:48:25 2017
C;01;04;0;  50;  7130;  2709;  7130;   891;1.452;787.6;Mon Jun  5 15:48:35 2017
C;01;04;0;  50;  7140;  2719;  7140;   881;1.453;787.7;Mon Jun  5 15:48:45 2017
C;01;04;0;  50;  7150;  2729;  7150;   871;1.452;787.9;Mon Jun  5 15:48:55 2017
C;01;04;0;  50;  7160;  2739;  7160;   861;1.453;788.0;Mon Jun  5 15:49:05 2017
C;01;04;0;  50;  7170;  2749;  7170;   851;1.453;788.2;Mon Jun  5 15:49:15 2017
C;01;04;0;  50;  7180;  2759;  7180;   841;1.453;788.3;Mon Jun  5 15:49:25 2017
C;01;04;0;  50;  7200;  2779;  7200;   821;1.454;788.6;Mon Jun  5 15:49:45 2017
C;01;04;0;  50;  7210;  2789;  7210;   811;1.454;788.7;Mon Jun  5 15:49:55 2017
C;01;04;0;  50;  7220;  2799;  7220;   801;1.454;788.9;Mon Jun  5 15:50:05 2017
C;01;04;0;  50;  7230;  2809;  7230;   791;1.455;789.0;Mon Jun  5 15:50:15 2017
C;01;04;0;  50;  7240;  2819;  7240;   781;1.455;789.1;Mon Jun  5 15:50:25 2017
C;01;04;0;  50;  7250;  2829;  7250;   771;1.454;789.3;Mon Jun  5 15:50:35 2017
C;01;04;0;  50;  7260;  2839;  7260;   761;1.455;789.4;Mon Jun  5 15:50:45 2017
C;01;04;0;  50;  7270;  2849;  7270;   751;1.456;789.6;Mon Jun  5 15:50:55 2017
C;01;04;0;  50;  7280;  2859;  7280;   741;1.456;789.7;Mon Jun  5 15:51:05 2017
C;01;04;0;  50;  7290;  2869;  7290;   731;1.457;789.8;Mon Jun  5 15:51:15 2017
C;01;04;0;  50;  7300;  2879;  7300;   721;1.457;790.0;Mon Jun  5 15:51:25 2017
C;01;04;0;  50;  7310;  2889;  7310;   711;1.456;790.1;Mon Jun  5 15:51:35 2017
C;01;04;0;  50;  7320;  2899;  7320;   701;1.457;790.2;Mon Jun  5 15:51:45 2017
C;01;04;0;  50;  7330;  2909;  7330;   691;1.458;790.4;Mon Jun  5 15:51:55 2017
C;01;04;0;  50;  7340;  2919;  7340;   681;1.457;790.5;Mon Jun  5 15:52:05 2017
C;01;04;0;  50;  7350;  2929;  7350;   671;1.458;790.7;Mon Jun  5 15:52:15 2017
C;01;04;0;  50;  7360;  2939;  7360;   661;1.459;790.8;Mon Jun  5 15:52:25 2017
C;01;04;0;  50;  7370;  2949;  7370;   651;1.458;790.9;Mon Jun  5 15:52:35 2017
C;01;04;0;  50;  7390;  2969;  7390;   631;1.459;791.2;Mon Jun  5 15:52:55 2017
C;01;04;0;  50;  7400;  2979;  7400;   621;1.460;791.4;Mon Jun  5 15:53:05 2017
C;01;04;0;  50;  7410;  2989;  7410;   611;1.459;791.5;Mon Jun  5 15:53:15 2017
C;01;04;0;  50;  7420;  2999;  7420;   601;1.459;791.6;Mon Jun  5 15:53:25 2017
C;01;04;0;  50;  7430;  3009;  7430;   591;1.460;791.8;Mon Jun  5 15:53:35 2017
C;01;04;0;  50;  7440;  3019;  7440;   581;1.460;791.9;Mon Jun  5 15:53:45 2017
C;01;04;0;  50;  7450;  3029;  7450;   571;1.460;792.1;Mon Jun  5 15:53:55 2017
C;01;04;0;  50;  7460;  3039;  7460;   561;1.461;792.2;Mon Jun  5 15:54:05 2017
C;01;04;0;  50;  7470;  3049;  7470;   551;1.461;792.3;Mon Jun  5 15:54:15 2017
C;01;04;0;  50;  7480;  3059;  7480;   541;1.461;792.5;Mon Jun  5 15:54:25 2017
C;01;04;0;  50;  7490;  3069;  7490;   531;1.462;792.6;Mon Jun  5 15:54:35 2017
C;01;04;0;  50;  7500;  3079;  7500;   521;1.461;792.7;Mon Jun  5 15:54:45 2017
C;01;04;0;  50;  7510;  3089;  7510;   511;1.461;792.9;Mon Jun  5 15:54:55 2017
C;01;04;0;  50;  7520;  3099;  7520;   501;1.462;793.0;Mon Jun  5 15:55:05 2017
C;01;04;0;  50;  7530;  3109;  7530;   491;1.462;793.2;Mon Jun  5 15:55:15 2017
C;01;04;0;  50;  7540;  3119;  7540;   481;1.462;793.3;Mon Jun  5 15:55:25 2017
C;01;04;0;  50;  7550;  3129;  7550;   471;1.463;793.4;Mon Jun  5 15:55:35 2017
C;01;04;0;  50;  7560;  3139;  7560;   461;1.463;793.6;Mon Jun  5 15:55:45 2017
C;01;04;0;  50;  7570;  3149;  7570;   451;1.464;793.7;Mon Jun  5 15:55:55 2017
C;01;04;0;  50;  7580;  3159;  7580;   441;1.464;793.9;Mon Jun  5 15:56:05 2017
C;01;04;0;  50;  7590;  3169;  7590;   431;1.464;794.0;Mon Jun  5 15:56:15 2017
C;01;04;0;  50;  7600;  3179;  7600;   421;1.464;794.1;Mon Jun  5 15:56:25 2017
C;01;04;0;  50;  7610;  3189;  7610;   411;1.464;794.3;Mon Jun  5 15:56:35 2017
C;01;04;0;  50;  7620;  3199;  7620;   401;1.464;794.4;Mon Jun  5 15:56:45 2017
C;01;04;0;  50;  7630;  3209;  7630;   391;1.465;794.6;Mon Jun  5 15:56:55 2017
C;01;04;0;  50;  7640;  3219;  7640;   381;1.465;794.7;Mon Jun  5 15:57:05 2017
C;01;04;0;  50;  7650;  3229;  7650;   371;1.465;794.8;Mon Jun  5 15:57:15 2017
C;01;04;0;  50;  7660;  3239;  7660;   361;1.466;795.0;Mon Jun  5 15:57:25 2017
C;01;04;0;  50;  7670;  3249;  7670;   351;1.466;795.1;Mon Jun  5 15:57:35 2017
C;01;04;0;  50;  7680;  3259;  7680;   341;1.466;795.2;Mon Jun  5 15:57:45 2017
C;01;04;0;  50;  7700;  3279;  7700;   321;1.466;795.5;Mon Jun  5 15:58:05 2017
C;01;04;0;  50;  7710;  3289;  7710;   311;1.467;795.7;Mon Jun  5 15:58:15 2017
C;01;04;0;  50;  7720;  3299;  7720;   301;1.467;795.8;Mon Jun  5 15:58:25 2017
C;01;04;0;  50;  7730;  3309;  7730;   291;1.467;795.9;Mon Jun  5 15:58:35 2017
C;01;04;0;  50;  7740;  3319;  7740;   281;1.468;796.1;Mon Jun  5 15:58:45 2017
C;01;04;0;  50;  7750;  3329;  7750;   271;1.468;796.2;Mon Jun  5 15:58:55 2017
C;01;04;0;  50;  7760;  3339;  7760;   261;1.469;796.4;Mon Jun  5 15:59:05 2017
C;01;04;0;  50;  7770;  3349;  7770;   251;1.468;796.5;Mon Jun  5 15:59:15 2017
C;01;04;0;  50;  7780;  3359;  7780;   241;1.469;796.6;Mon Jun  5 15:59:25 2017
C;01;04;0;  50;  7790;  3369;  7790;   231;1.468;796.8;Mon Jun  5 15:59:35 2017
C;01;04;0;  50;  7800;  3379;  7800;   221;1.469;796.9;Mon Jun  5 15:59:45 2017
C;01;04;0;  50;  7810;  3389;  7810;   211;1.470;797.1;Mon Jun  5 15:59:55 2017
C;01;04;0;  50;  7820;  3399;  7820;   201;1.470;797.2;Mon Jun  5 16:00:05 2017
C;01;04;0;  50;  7830;  3409;  7830;   191;1.469;797.3;Mon Jun  5 16:00:15 2017
C;01;04;0;  50;  7840;  3419;  7840;   181;1.470;797.5;Mon Jun  5 16:00:25 2017
C;01;04;0;  50;  7850;  3429;  7850;   171;1.471;797.6;Mon Jun  5 16:00:35 2017
C;01;04;0;  50;  7860;  3439;  7860;   161;1.471;797.7;Mon Jun  5 16:00:45 2017
C;01;04;0;  50;  7870;  3449;  7870;   151;1.471;797.9;Mon Jun  5 16:00:55 2017
C;01;04;0;  50;  7890;  3469;  7890;   131;1.471;798.2;Mon Jun  5 16:01:15 2017
C;01;04;0;  50;  7900;  3479;  7900;   121;1.471;798.3;Mon Jun  5 16:01:25 2017
C;01;04;0;  50;  7910;  3489;  7910;   111;1.472;798.4;Mon Jun  5 16:01:35 2017
C;01;04;0;  50;  7920;  3499;  7920;   101;1.472;798.6;Mon Jun  5 16:01:45 2017
C;01;04;0;  50;  7930;  3509;  7930;    91;1.472;798.7;Mon Jun  5 16:01:55 2017
C;01;04;0;  50;  7940;  3519;  7940;    81;1.473;798.9;Mon Jun  5 16:02:05 2017
C;01;04;0;  50;  7950;  3529;  7950;    71;1.473;799.0;Mon Jun  5 16:02:15 2017
C;01;04;0;  50;  7960;  3539;  7960;    61;1.472;799.1;Mon Jun  5 16:02:25 2017
C;01;04;0;  50;  7970;  3549;  7970;    51;1.473;799.3;Mon Jun  5 16:02:35 2017
C;01;04;0;  50;  7980;  3559;  7980;    41;1.473;799.4;Mon Jun  5 16:02:45 2017
C;01;04;0;  50;  7990;  3569;  7990;    31;1.473;799.6;Mon Jun  5 16:02:55 2017
C;01;04;0;  50;  8000;  3579;  8000;    21;1.474;799.7;Mon Jun  5 16:03:05 2017
C;01;04;0;  50;  8010;  3589;  8010;    11;1.474;799.8;Mon Jun  5 16:03:15 2017
C;01;04;0;  50;  8020;  3599;  8020;     1;1.474;800.0;Mon Jun  5 16:03:25 2017
D;01;01;0;   0;     0;     0;     0;   600;1.412;800.0;Tue Jun  6 07:16:26 2017
D;01;01;0;   0;    10;    10;    10;   590;1.413;800.0;Tue Jun  6 07:16:36 2017
D;01;01;0;   0;    20;    20;    20;   580;1.412;800.0;Tue Jun  6 07:16:46 2017
D;01;01;0;   0;     0;     0;     0;   600;1.413;800.0;Tue Jun  6 07:17:33 2017
D;01;01;3;   0;     0;     0;     0;   600;1.403;800.0;Tue Jun  6 07:18:20 2017
D;01;01;3;   0;    10;    10;    10;   590;1.403;800.0;Tue Jun  6 07:18:30 2017
D;01;01;0;   0;     0;     0;     0;   600;1.410;800.0;Tue Jun  6 10:11:10 2017
D;01;01;0;   0;     0;     0;     0;   600;1.409;800.0;Tue Jun  6 10:21:08 2017
D;01;01;0;   0;    10;    10;    10;   590;1.409;800.0;Tue Jun  6 10:21:18 2017
D;01;01;0;   0;     0;     0;     0;   600;1.410;800.0;Tue Jun  6 10:23:23 2017
D;01;01;0;   0;    10;    10;    10;   590;1.409;800.0;Tue Jun  6 10:23:33 2017
D;01;01;0;   0;    20;    20;    20;   580;1.409;800.0;Tue Jun  6 10:23:43 2017
D;01;01;0;   0;     0;     0;     0;   600;1.410;800.0;Tue Jun  6 10:30:04 2017
D;01;01;0;   0;     0;     0;     0;   600;1.409;800.0;Tue Jun  6 10:32:48 2017
D;01;01;0;   0;     0;     0;     0;   600;1.409;800.0;Tue Jun  6 10:55:18 2017
D;01;01;0;   0;    10;    10;    10;   590;1.409;800.0;Tue Jun  6 10:55:28 2017
D;01;02;0;  50;    20;     7;    20;  3593;1.399;799.9;Tue Jun  6 10:55:38 2017
D;01;02;0;  50;    30;    17;    30;  3583;1.398;799.8;Tue Jun  6 10:55:48 2017
C;01;03;0;   0;    40;     7;    40;   593;1.405;799.7;Tue Jun  6 10:55:58 2017
C;01;04;0;  50;    50;     4;    50;  3596;1.413;799.8;Tue Jun  6 10:56:08 2017
C;01;04;0;  50;    60;    14;    60;  3586;1.415;799.9;Tue Jun  6 10:56:18 2017
D;01;01;0;   0;     0;     0;     0;   600;1.408;800.0;Tue Jun  6 10:59:19 2017
D;01;01;0;   0;    10;    10;    10;   590;1.408;800.0;Tue Jun  6 10:59:29 2017
D;01;01;0;   0;     0;     0;     0;   600;1.406;800.0;Tue Jun  6 14:19:10 2017
D;01;01;0;   0;    10;    10;    10;   590;1.405;800.0;Tue Jun  6 14:19:20 2017
D;01;01;0;   0;    20;    20;    20;   580;1.405;800.0;Tue Jun  6 14:19:30 2017
D;01;01;0;   0;    30;    30;    30;   570;1.406;800.0;Tue Jun  6 14:19:40 2017
D;01;01;0;   0;    40;    40;    40;   560;1.405;800.0;Tue Jun  6 14:19:50 2017
D;01;01;0;   0;    50;    50;    50;   550;1.405;800.0;Tue Jun  6 14:20:00 2017
D;01;01;0;   0;     0;     0;     0;   600;1.405;800.0;Tue Jun  6 14:20:07 2017
D;01;01;0;   0;    60;    60;    60;   540;1.405;800.0;Tue Jun  6 14:20:10 2017
D;01;01;0;   0;    70;    70;    70;   530;1.405;800.0;Tue Jun  6 14:20:20 2017
D;01;01;0;   0;     0;     0;     0;   600;1.405;800.0;Tue Jun  6 14:33:10 2017
D;01;01;0;   0;    10;    10;    10;   590;1.405;800.0;Tue Jun  6 14:33:20 2017
D;01;01;0;   0;     0;     0;     0;   600;1.405;800.0;Tue Jun  6 14:33:26 2017
D;01;01;0;   0;    20;    20;    20;   580;1.405;800.0;Tue Jun  6 14:33:30 2017
D;01;01;0;   0;     0;     0;     0;   600;1.405;800.0;Tue Jun  6 14:43:32 2017
D;01;01;0;   0;    10;    10;    10;   590;1.404;800.0;Tue Jun  6 14:43:42 2017
D;01;01;0;   0;     0;     0;     0;   600;1.405;800.0;Tue Jun  6 14:44:06 2017
D;01;01;0;   0;    10;    10;    10;   590;1.404;800.0;Tue Jun  6 14:44:16 2017
D;01;01;0;   0;    20;    20;    20;   580;1.405;800.0;Tue Jun  6 14:44:26 2017
D;01;01;0;   0;    30;    30;    30;   570;1.405;800.0;Tue Jun  6 14:44:36 2017
D;01;01;1;   0;     0;     0;     0;   600;1.354;800.0;Tue Jun  6 14:44:41 2017
D;01;01;0;   0;    40;    40;    40;   560;1.404;800.0;Tue Jun  6 14:44:46 2017
D;01;01;1;   0;    10;    10;    10;   590;1.354;800.0;Tue Jun  6 14:44:51 2017
D;01;01;1;   0;    20;    20;    20;   580;1.354;800.0;Tue Jun  6 14:45:01 2017
D;01;01;1;   0;     0;     0;     0;   600;1.354;800.0;Tue Jun  6 14:45:09 2017
D;01;01;1;   0;    30;    30;    30;   570;1.354;800.0;Tue Jun  6 14:45:11 2017
D;01;01;1;   0;    40;    40;    40;   560;1.354;800.0;Tue Jun  6 14:45:21 2017
D;01;01;1;   0;    50;    50;    50;   550;1.354;800.0;Tue Jun  6 14:45:31 2017
D;01;01;0;   0;     0;     0;     0;   600;1.405;800.0;Tue Jun  6 14:47:56 2017
D;01;01;0;   0;    10;    10;    10;   590;1.405;800.0;Tue Jun  6 14:48:06 2017
D;01;01;1;   0;     0;     0;     0;   600;1.354;800.0;Tue Jun  6 14:48:12 2017
D;01;01;0;   0;    20;    20;    20;   580;1.405;800.0;Tue Jun  6 14:48:16 2017
D;01;01;1;   0;    10;    10;    10;   590;1.354;800.0;Tue Jun  6 14:48:22 2017
D;01;01;1;   0;    20;    20;    20;   580;1.354;800.0;Tue Jun  6 14:48:32 2017
D;01;01;0;   0;     0;     0;     0;   600;1.405;800.0;Tue Jun  6 14:48:39 2017
D;01;01;1;   0;    30;    30;    30;   570;1.354;800.0;Tue Jun  6 14:48:42 2017
D;01;01;1;   0;    40;    40;    40;   560;1.354;800.0;Tue Jun  6 14:48:52 2017
D;01;01;0;   0;     0;     0;     0;   600;1.405;800.0;Tue Jun  6 14:49:04 2017
D;01;01;1;   0;     0;     0;     0;   600;1.354;800.0;Tue Jun  6 14:49:14 2017
D;01;01;0;   0;    10;    10;    10;   590;1.404;800.0;Tue Jun  6 14:49:14 2017
D;01;01;0;   0;    20;    20;    20;   580;1.405;800.0;Tue Jun  6 14:49:24 2017
D;01;01;0;   0;    30;    30;    30;   570;1.405;800.0;Tue Jun  6 14:49:34 2017
D;01;01;0;   0;     0;     0;     0;   600;1.404;800.0;Tue Jun  6 15:13:08 2017
D;01;01;0;   0;    10;    10;    10;   590;1.404;800.0;Tue Jun  6 15:13:18 2017
D;01;01;0;   0;    20;    20;    20;   580;1.404;800.0;Tue Jun  6 15:13:28 2017
D;01;01;0;   0;    30;    30;    30;   570;1.405;800.0;Tue Jun  6 15:13:38 2017
D;01;01;1;   0;     0;     0;     0;   600;1.354;800.0;Tue Jun  6 15:13:45 2017
D;01;01;0;   0;    40;    40;    40;   560;1.404;800.0;Tue Jun  6 15:13:48 2017
D;01;01;1;   0;    10;    10;    10;   590;1.354;800.0;Tue Jun  6 15:13:55 2017
D;01;01;0;   0;    50;    50;    50;   550;1.404;800.0;Tue Jun  6 15:13:58 2017
D;01;01;0;   0;     0;     0;     0;   600;1.404;800.0;Tue Jun  6 15:19:53 2017
D;01;01;0;   0;    10;    10;    10;   590;1.405;800.0;Tue Jun  6 15:20:03 2017
D;01;01;0;   0;    20;    20;    20;   580;1.404;800.0;Tue Jun  6 15:20:13 2017
D;01;01;0;   0;    30;    30;    30;   570;1.404;800.0;Tue Jun  6 15:20:23 2017
D;01;01;1;   0;     0;     0;     0;   600;1.353;800.0;Tue Jun  6 15:20:33 2017
D;01;01;0;   0;    40;    40;    40;   560;1.404;800.0;Tue Jun  6 15:20:33 2017
D;01;01;0;   0;    50;    50;    50;   550;1.404;800.0;Tue Jun  6 15:20:43 2017
D;01;01;0;   0;    60;    60;    60;   540;1.404;800.0;Tue Jun  6 15:20:53 2017
D;01;01;1;   0;     0;     0;     0;   600;1.353;800.0;Tue Jun  6 15:20:57 2017
D;01;01;1;   0;    10;    10;    10;   590;1.353;800.0;Tue Jun  6 15:21:07 2017
D;01;01;0;   0;     0;     0;     0;   600;1.405;800.0;Tue Jun  6 15:21:14 2017
D;01;01;1;   0;    20;    20;    20;   580;1.354;800.0;Tue Jun  6 15:21:17 2017
D;01;01;1;   0;     0;     0;     0;   600;1.353;800.0;Tue Jun  6 15:28:11 2017
D;01;01;1;   0;   120;   120;   120;   480;1.353;800.0;Tue Jun  6 15:30:11 2017
D;01;01;1;   0;   240;   240;   240;   360;1.354;800.0;Tue Jun  6 15:32:11 2017
D;01;01;1;   0;   360;   360;   360;   240;1.353;800.0;Tue Jun  6 15:34:11 2017
