D;01;01;3;   0;     0;     0;     0;   600;1.432;800.0;Mon Jun  5 13:45:07 2017
D;01;01;3;   0;    10;    10;    10;   590;1.431;800.0;Mon Jun  5 13:45:17 2017
D;01;01;3;   0;    20;    20;    20;   580;1.431;800.0;Mon Jun  5 13:45:27 2017
D;01;01;3;   0;    30;    30;    30;   570;1.431;800.0;Mon Jun  5 13:45:37 2017
D;01;01;3;   0;    40;    40;    40;   560;1.431;800.0;Mon Jun  5 13:45:47 2017
D;01;01;3;   0;    50;    50;    50;   550;1.431;800.0;Mon Jun  5 13:45:57 2017
D;01;01;3;   0;    60;    60;    60;   540;1.431;800.0;Mon Jun  5 13:46:07 2017
D;01;01;3;   0;    80;    80;    80;   520;1.431;800.0;Mon Jun  5 13:46:27 2017
D;01;01;3;   0;    90;    90;    90;   510;1.431;800.0;Mon Jun  5 13:46:37 2017
D;01;01;3;   0;   100;   100;   100;   500;1.431;800.0;Mon Jun  5 13:46:47 2017
D;01;01;3;   0;   110;   110;   110;   490;1.430;800.0;Mon Jun  5 13:46:57 2017
D;01;01;3;   0;   120;   120;   120;   480;1.431;800.0;Mon Jun  5 13:47:07 2017
D;01;01;3;   0;   130;   130;   130;   470;1.431;800.0;Mon Jun  5 13:47:17 2017
D;01;01;3;   0;   140;   140;   140;   460;1.431;800.0;Mon Jun  5 13:47:27 2017
D;01;01;3;   0;   150;   150;   150;   450;1.431;800.0;Mon Jun  5 13:47:37 2017
D;01;01;3;   0;   160;   160;   160;   440;1.431;800.0;Mon Jun  5 13:47:47 2017
D;01;01;3;   0;   170;   170;   170;   430;1.431;800.0;Mon Jun  5 13:47:57 2017
D;01;01;3;   0;   180;   180;   180;   420;1.431;800.0;Mon Jun  5 13:48:07 2017
D;01;01;3;   0;   200;   200;   200;   400;1.430;800.0;Mon Jun  5 13:48:27 2017
D;01;01;3;   0;   210;   210;   210;   390;1.431;800.0;Mon Jun  5 13:48:37 2017
D;01;01;3;   0;   220;   220;   220;   380;1.431;800.0;Mon Jun  5 13:48:47 2017
D;01;01;3;   0;   230;   230;   230;   370;1.431;800.0;Mon Jun  5 13:48:57 2017
D;01;01;3;   0;   240;   240;   240;   360;1.430;800.0;Mon Jun  5 13:49:07 2017
D;01;01;3;   0;   250;   250;   250;   350;1.431;800.0;Mon Jun  5 13:49:17 2017
D;01;01;3;   0;     0;     0;     0;   600;1.431;1300.0;Mon Jun  5 13:53:10 2017
D;01;01;3;   0;    20;    20;    20;   580;1.430;1300.0;Mon Jun  5 13:53:30 2017
D;01;02;3;  50;    30;     4;    30;  3596;1.380;1299.9;Mon Jun  5 13:53:40 2017
D;01;02;3;  50;    40;    14;    40;  3586;1.379;1299.8;Mon Jun  5 13:53:50 2017
D;01;02;3;  50;    50;    24;    50;  3576;1.378;1299.7;Mon Jun  5 13:54:00 2017
D;01;02;3;  50;    60;    34;    60;  3566;1.378;1299.5;Mon Jun  5 13:54:10 2017
D;01;02;3;  50;    70;    44;    70;  3556;1.378;1299.4;Mon Jun  5 13:54:20 2017
D;01;02;3;  50;    80;    54;    80;  3546;1.376;1299.2;Mon Jun  5 13:54:30 2017
D;01;02;3;  50;    90;    64;    90;  3536;1.377;1299.1;Mon Jun  5 13:54:40 2017
D;01;02;3;  50;   100;    74;   100;  3526;1.377;1299.0;Mon Jun  5 13:54:50 2017
D;01;02;3;  50;   110;    84;   110;  3516;1.376;1298.8;Mon Jun  5 13:55:00 2017
D;01;02;3;  50;   120;    94;   120;  3506;1.376;1298.7;Mon Jun  5 13:55:10 2017
D;01;02;3;  50;   130;   104;   130;  3496;1.376;1298.6;Mon Jun  5 13:55:20 2017
D;01;02;3;  50;   140;   114;   140;  3486;1.375;1298.4;Mon Jun  5 13:55:30 2017
D;01;02;3;  50;   150;   124;   150;  3476;1.375;1298.3;Mon Jun  5 13:55:40 2017
D;01;02;3;  50;   160;   134;   160;  3466;1.375;1298.1;Mon Jun  5 13:55:50 2017
D;01;02;3;  50;   170;   144;   170;  3456;1.373;1298.0;Mon Jun  5 13:56:00 2017
D;01;02;3;  50;   180;   154;   180;  3446;1.374;1297.9;Mon Jun  5 13:56:10 2017
D;01;02;3;  50;   190;   164;   190;  3436;1.374;1297.7;Mon Jun  5 13:56:20 2017
D;01;02;3;  50;   200;   174;   200;  3426;1.373;1297.6;Mon Jun  5 13:56:30 2017
D;01;02;3;  50;   210;   184;   210;  3416;1.373;1297.4;Mon Jun  5 13:56:40 2017
D;01;02;3;  50;   220;   194;   220;  3406;1.374;1297.3;Mon Jun  5 13:56:50 2017
D;01;02;3;  50;   230;   204;   230;  3396;1.373;1297.2;Mon Jun  5 13:57:00 2017
D;01;02;3;  50;   240;   214;   240;  3386;1.373;1297.0;Mon Jun  5 13:57:10 2017
D;01;02;3;  50;   250;   224;   250;  3376;1.373;1296.9;Mon Jun  5 13:57:20 2017
D;01;02;3;  50;   260;   234;   260;  3366;1.372;1296.7;Mon Jun  5 13:57:30 2017
D;01;02;3;  50;   270;   244;   270;  3356;1.372;1296.6;Mon Jun  5 13:57:40 2017
D;01;02;3;  50;   280;   254;   280;  3346;1.372;1296.5;Mon Jun  5 13:57:50 2017
D;01;02;3;  50;   290;   264;   290;  3336;1.371;1296.3;Mon Jun  5 13:58:00 2017
D;01;02;3;  50;   300;   274;   300;  3326;1.371;1296.2;Mon Jun  5 13:58:10 2017
D;01;02;3;  50;   310;   284;   310;  3316;1.371;1296.1;Mon Jun  5 13:58:20 2017
D;01;02;3;  50;   320;   294;   320;  3306;1.370;1295.9;Mon Jun  5 13:58:30 2017
D;01;02;3;  50;   330;   304;   330;  3296;1.370;1295.8;Mon Jun  5 13:58:40 2017
D;01;02;3;  50;   340;   314;   340;  3286;1.370;1295.6;Mon Jun  5 13:58:50 2017
D;01;02;3;  50;   350;   324;   350;  3276;1.369;1295.5;Mon Jun  5 13:59:00 2017
D;01;02;3;  50;   360;   334;   360;  3266;1.370;1295.4;Mon Jun  5 13:59:10 2017
D;01;02;3;  50;   370;   344;   370;  3256;1.370;1295.2;Mon Jun  5 13:59:20 2017
D;01;02;3;  50;   380;   354;   380;  3246;1.369;1295.1;Mon Jun  5 13:59:30 2017
D;01;02;3;  50;   390;   364;   390;  3236;1.369;1294.9;Mon Jun  5 13:59:40 2017
D;01;02;3;  50;   400;   374;   400;  3226;1.369;1294.8;Mon Jun  5 13:59:50 2017
D;01;02;3;  50;   410;   384;   410;  3216;1.368;1294.7;Mon Jun  5 14:00:00 2017
D;01;02;3;  50;   420;   394;   420;  3206;1.368;1294.5;Mon Jun  5 14:00:10 2017
D;01;02;3;  50;   430;   404;   430;  3196;1.368;1294.4;Mon Jun  5 14:00:20 2017
D;01;02;3;  50;   440;   414;   440;  3186;1.367;1294.2;Mon Jun  5 14:00:30 2017
D;01;02;3;  50;   450;   424;   450;  3176;1.368;1294.1;Mon Jun  5 14:00:40 2017
D;01;02;3;  50;   460;   434;   460;  3166;1.368;1294.0;Mon Jun  5 14:00:50 2017
D;01;02;3;  50;   470;   444;   470;  3156;1.367;1293.8;Mon Jun  5 14:01:00 2017
D;01;02;3;  50;   480;   454;   480;  3146;1.367;1293.7;Mon Jun  5 14:01:10 2017
D;01;02;3;  50;   490;   464;   490;  3136;1.367;1293.6;Mon Jun  5 14:01:20 2017
D;01;02;3;  50;   500;   474;   500;  3126;1.366;1293.4;Mon Jun  5 14:01:30 2017
D;01;02;3;  50;   510;   484;   510;  3116;1.367;1293.3;Mon Jun  5 14:01:40 2017
D;01;02;3;  50;   520;   494;   520;  3106;1.367;1293.1;Mon Jun  5 14:01:50 2017
D;01;02;3;  50;   530;   504;   530;  3096;1.365;1293.0;Mon Jun  5 14:02:00 2017
D;01;02;3;  50;   540;   514;   540;  3086;1.366;1292.9;Mon Jun  5 14:02:10 2017
D;01;02;3;  50;   550;   524;   550;  3076;1.366;1292.7;Mon Jun  5 14:02:20 2017
D;01;02;3;  50;   560;   534;   560;  3066;1.365;1292.6;Mon Jun  5 14:02:30 2017
D;01;02;3;  50;   570;   544;   570;  3056;1.365;1292.4;Mon Jun  5 14:02:40 2017
D;01;02;3;  50;   580;   554;   580;  3046;1.365;1292.3;Mon Jun  5 14:02:50 2017
D;01;02;3;  50;   590;   564;   590;  3036;1.365;1292.2;Mon Jun  5 14:03:00 2017
D;01;02;3;  50;   600;   574;   600;  3026;1.365;1292.0;Mon Jun  5 14:03:10 2017
D;01;02;3;  50;   610;   584;   610;  3016;1.364;1291.9;Mon Jun  5 14:03:20 2017
D;01;02;3;  50;   620;   594;   620;  3006;1.363;1291.7;Mon Jun  5 14:03:30 2017
D;01;02;3;  50;   630;   604;   630;  2996;1.365;1291.6;Mon Jun  5 14:03:40 2017
D;01;02;3;  50;   640;   614;   640;  2986;1.364;1291.5;Mon Jun  5 14:03:50 2017
D;01;02;3;  50;   650;   624;   650;  2976;1.363;1291.3;Mon Jun  5 14:04:00 2017
D;01;02;3;  50;   660;   634;   660;  2966;1.364;1291.2;Mon Jun  5 14:04:10 2017
D;01;02;3;  50;   670;   644;   670;  2956;1.364;1291.1;Mon Jun  5 14:04:20 2017
D;01;02;3;  50;   680;   654;   680;  2946;1.363;1290.9;Mon Jun  5 14:04:30 2017
D;01;02;3;  50;   690;   664;   690;  2936;1.363;1290.8;Mon Jun  5 14:04:40 2017
D;01;02;3;  50;   700;   674;   700;  2926;1.363;1290.6;Mon Jun  5 14:04:50 2017
D;01;02;3;  50;   710;   684;   710;  2916;1.362;1290.5;Mon Jun  5 14:05:00 2017
D;01;02;3;  50;   720;   694;   720;  2906;1.362;1290.4;Mon Jun  5 14:05:10 2017
D;01;02;3;  50;   740;   714;   740;  2886;1.361;1290.1;Mon Jun  5 14:05:30 2017
D;01;02;3;  50;   750;   724;   750;  2876;1.362;1289.9;Mon Jun  5 14:05:40 2017
D;01;02;3;  50;   760;   734;   760;  2866;1.362;1289.8;Mon Jun  5 14:05:50 2017
D;01;02;3;  50;   770;   744;   770;  2856;1.361;1289.7;Mon Jun  5 14:06:00 2017
D;01;02;3;  50;   780;   754;   780;  2846;1.361;1289.5;Mon Jun  5 14:06:10 2017
D;01;02;3;  50;   790;   764;   790;  2836;1.361;1289.4;Mon Jun  5 14:06:20 2017
D;01;02;3;  50;   800;   774;   800;  2826;1.360;1289.2;Mon Jun  5 14:06:30 2017
D;01;02;3;  50;   810;   784;   810;  2816;1.361;1289.1;Mon Jun  5 14:06:40 2017
D;01;02;3;  50;   820;   794;   820;  2806;1.361;1289.0;Mon Jun  5 14:06:50 2017
D;01;02;3;  50;   830;   804;   830;  2796;1.360;1288.8;Mon Jun  5 14:07:00 2017
D;01;02;3;  50;   840;   814;   840;  2786;1.360;1288.7;Mon Jun  5 14:07:10 2017
D;01;02;3;  50;   850;   824;   850;  2776;1.359;1288.6;Mon Jun  5 14:07:20 2017
D;01;02;3;  50;   860;   834;   860;  2766;1.359;1288.4;Mon Jun  5 14:07:30 2017
D;01;02;3;  50;   870;   844;   870;  2756;1.360;1288.3;Mon Jun  5 14:07:40 2017
D;01;02;3;  50;   880;   854;   880;  2746;1.360;1288.1;Mon Jun  5 14:07:50 2017
D;01;02;3;  50;   890;   864;   890;  2736;1.359;1288.0;Mon Jun  5 14:08:00 2017
D;01;02;3;  50;   900;   874;   900;  2726;1.359;1287.9;Mon Jun  5 14:08:10 2017
D;01;02;3;  50;   910;   884;   910;  2716;1.359;1287.7;Mon Jun  5 14:08:20 2017
D;01;02;3;  50;   920;   894;   920;  2706;1.358;1287.6;Mon Jun  5 14:08:30 2017
D;01;02;3;  50;   930;   904;   930;  2696;1.359;1287.4;Mon Jun  5 14:08:40 2017
D;01;02;3;  50;   940;   914;   940;  2686;1.358;1287.3;Mon Jun  5 14:08:50 2017
D;01;02;3;  50;   950;   924;   950;  2676;1.358;1287.2;Mon Jun  5 14:09:00 2017
D;01;02;3;  50;   960;   934;   960;  2666;1.359;1287.0;Mon Jun  5 14:09:10 2017
D;01;02;3;  50;   970;   944;   970;  2656;1.358;1286.9;Mon Jun  5 14:09:20 2017
D;01;02;3;  50;   980;   954;   980;  2646;1.357;1286.7;Mon Jun  5 14:09:30 2017
D;01;02;3;  50;   990;   964;   990;  2636;1.358;1286.6;Mon Jun  5 14:09:40 2017
D;01;02;3;  50;  1000;   974;  1000;  2626;1.358;1286.5;Mon Jun  5 14:09:50 2017
D;01;02;3;  50;  1010;   984;  1010;  2616;1.357;1286.3;Mon Jun  5 14:10:00 2017
D;01;02;3;  50;  1020;   994;  1020;  2606;1.357;1286.2;Mon Jun  5 14:10:10 2017
D;01;02;3;  50;  1030;  1004;  1030;  2596;1.357;1286.1;Mon Jun  5 14:10:20 2017
D;01;02;3;  50;  1040;  1014;  1040;  2586;1.356;1285.9;Mon Jun  5 14:10:30 2017
D;01;02;3;  50;  1050;  1024;  1050;  2576;1.357;1285.8;Mon Jun  5 14:10:40 2017
D;01;02;3;  50;  1060;  1034;  1060;  2566;1.357;1285.6;Mon Jun  5 14:10:50 2017
D;01;02;3;  50;  1070;  1044;  1070;  2556;1.356;1285.5;Mon Jun  5 14:11:00 2017
D;01;02;3;  50;  1080;  1054;  1080;  2546;1.356;1285.4;Mon Jun  5 14:11:10 2017
D;01;02;3;  50;  1090;  1064;  1090;  2536;1.356;1285.2;Mon Jun  5 14:11:20 2017
D;01;02;3;  50;  1100;  1074;  1100;  2526;1.356;1285.1;Mon Jun  5 14:11:30 2017
D;01;02;3;  50;  1110;  1084;  1110;  2516;1.356;1284.9;Mon Jun  5 14:11:40 2017
D;01;02;3;  50;  1120;  1094;  1120;  2506;1.356;1284.8;Mon Jun  5 14:11:50 2017
D;01;02;3;  50;  1130;  1104;  1130;  2496;1.355;1284.7;Mon Jun  5 14:12:00 2017
D;01;02;3;  50;  1140;  1114;  1140;  2486;1.356;1284.5;Mon Jun  5 14:12:10 2017
D;01;02;3;  50;  1150;  1124;  1150;  2476;1.356;1284.4;Mon Jun  5 14:12:20 2017
D;01;02;3;  50;  1160;  1134;  1160;  2466;1.354;1284.2;Mon Jun  5 14:12:30 2017
D;01;02;3;  50;  1170;  1144;  1170;  2456;1.355;1284.1;Mon Jun  5 14:12:40 2017
D;01;02;3;  50;  1180;  1154;  1180;  2446;1.355;1284.0;Mon Jun  5 14:12:50 2017
D;01;02;3;  50;  1190;  1164;  1190;  2436;1.354;1283.8;Mon Jun  5 14:13:00 2017
D;01;02;3;  50;  1200;  1174;  1200;  2426;1.354;1283.7;Mon Jun  5 14:13:10 2017
D;01;02;3;  50;  1210;  1184;  1210;  2416;1.353;1283.6;Mon Jun  5 14:13:20 2017
D;01;02;3;  50;  1220;  1194;  1220;  2406;1.353;1283.4;Mon Jun  5 14:13:30 2017
D;01;02;3;  50;  1230;  1204;  1230;  2396;1.354;1283.3;Mon Jun  5 14:13:40 2017
D;01;02;3;  50;  1240;  1214;  1240;  2386;1.354;1283.1;Mon Jun  5 14:13:50 2017
D;01;02;3;  50;  1250;  1224;  1250;  2376;1.353;1283.0;Mon Jun  5 14:14:00 2017
D;01;02;3;  50;  1260;  1234;  1260;  2366;1.354;1282.9;Mon Jun  5 14:14:10 2017
D;01;02;3;  50;  1270;  1244;  1270;  2356;1.353;1282.7;Mon Jun  5 14:14:20 2017
D;01;02;3;  50;  1280;  1254;  1280;  2346;1.352;1282.6;Mon Jun  5 14:14:30 2017
D;01;02;3;  50;  1290;  1264;  1290;  2336;1.353;1282.4;Mon Jun  5 14:14:40 2017
D;01;02;3;  50;  1300;  1274;  1300;  2326;1.352;1282.3;Mon Jun  5 14:14:50 2017
D;01;02;3;  50;  1310;  1284;  1310;  2316;1.352;1282.2;Mon Jun  5 14:15:00 2017
D;01;02;3;  50;  1320;  1294;  1320;  2306;1.352;1282.0;Mon Jun  5 14:15:10 2017
D;01;02;3;  50;  1330;  1304;  1330;  2296;1.351;1281.9;Mon Jun  5 14:15:20 2017
D;01;02;3;  50;  1340;  1314;  1340;  2286;1.351;1281.7;Mon Jun  5 14:15:30 2017
D;01;02;3;  50;  1350;  1324;  1350;  2276;1.352;1281.6;Mon Jun  5 14:15:40 2017
D;01;02;3;  50;  1360;  1334;  1360;  2266;1.352;1281.5;Mon Jun  5 14:15:50 2017
D;01;02;3;  50;  1370;  1344;  1370;  2256;1.351;1281.3;Mon Jun  5 14:16:00 2017
D;01;02;3;  50;  1380;  1354;  1380;  2246;1.351;1281.2;Mon Jun  5 14:16:10 2017
D;01;02;3;  50;  1390;  1364;  1390;  2236;1.351;1281.1;Mon Jun  5 14:16:20 2017
D;01;02;3;  50;  1400;  1374;  1400;  2226;1.350;1280.9;Mon Jun  5 14:16:30 2017
D;01;02;3;  50;  1410;  1384;  1410;  2216;1.350;1280.8;Mon Jun  5 14:16:40 2017
D;01;02;3;  50;  1420;  1394;  1420;  2206;1.350;1280.6;Mon Jun  5 14:16:50 2017
D;01;02;3;  50;  1430;  1404;  1430;  2196;1.350;1280.5;Mon Jun  5 14:17:00 2017
D;01;02;3;  50;  1440;  1414;  1440;  2186;1.350;1280.4;Mon Jun  5 14:17:10 2017
D;01;02;3;  50;  1450;  1424;  1450;  2176;1.350;1280.2;Mon Jun  5 14:17:20 2017
D;01;02;3;  50;  1460;  1434;  1460;  2166;1.349;1280.1;Mon Jun  5 14:17:30 2017
D;01;02;3;  50;  1470;  1444;  1470;  2156;1.350;1279.9;Mon Jun  5 14:17:40 2017
D;01;02;3;  50;  1480;  1454;  1480;  2146;1.349;1279.8;Mon Jun  5 14:17:50 2017
D;01;02;3;  50;  1490;  1464;  1490;  2136;1.349;1279.7;Mon Jun  5 14:18:00 2017
D;01;02;3;  50;  1500;  1474;  1500;  2126;1.349;1279.5;Mon Jun  5 14:18:10 2017
D;01;02;3;  50;  1510;  1484;  1510;  2116;1.348;1279.4;Mon Jun  5 14:18:20 2017
D;01;02;3;  50;  1520;  1494;  1520;  2106;1.348;1279.2;Mon Jun  5 14:18:30 2017
D;01;02;3;  50;  1530;  1504;  1530;  2096;1.348;1279.1;Mon Jun  5 14:18:40 2017
D;01;02;3;  50;  1540;  1514;  1540;  2086;1.348;1279.0;Mon Jun  5 14:18:50 2017
D;01;02;3;  50;  1550;  1524;  1550;  2076;1.348;1278.8;Mon Jun  5 14:19:00 2017
D;01;02;3;  50;  1560;  1534;  1560;  2066;1.348;1278.7;Mon Jun  5 14:19:10 2017
D;01;02;3;  50;  1570;  1544;  1570;  2056;1.348;1278.6;Mon Jun  5 14:19:20 2017
D;01;02;3;  50;  1580;  1554;  1580;  2046;1.347;1278.4;Mon Jun  5 14:19:30 2017
D;01;02;3;  50;  1590;  1564;  1590;  2036;1.348;1278.3;Mon Jun  5 14:19:40 2017
D;01;02;3;  50;  1600;  1574;  1600;  2026;1.347;1278.1;Mon Jun  5 14:19:50 2017
D;01;02;3;  50;  1610;  1584;  1610;  2016;1.347;1278.0;Mon Jun  5 14:20:00 2017
D;01;02;3;  50;  1620;  1594;  1620;  2006;1.348;1277.9;Mon Jun  5 14:20:10 2017
D;01;02;3;  50;  1630;  1604;  1630;  1996;1.346;1277.7;Mon Jun  5 14:20:20 2017
D;01;02;3;  50;  1640;  1614;  1640;  1986;1.347;1277.6;Mon Jun  5 14:20:30 2017
D;01;02;3;  50;  1650;  1624;  1650;  1976;1.347;1277.4;Mon Jun  5 14:20:40 2017
D;01;02;3;  50;  1660;  1634;  1660;  1966;1.346;1277.3;Mon Jun  5 14:20:50 2017
D;01;02;3;  50;  1670;  1644;  1670;  1956;1.346;1277.2;Mon Jun  5 14:21:00 2017
D;01;02;3;  50;  1680;  1654;  1680;  1946;1.346;1277.0;Mon Jun  5 14:21:10 2017
D;01;02;3;  50;  1690;  1664;  1690;  1936;1.345;1276.9;Mon Jun  5 14:21:20 2017
D;01;02;3;  50;  1700;  1674;  1700;  1926;1.345;1276.7;Mon Jun  5 14:21:30 2017
D;01;02;3;  50;  1710;  1684;  1710;  1916;1.346;1276.6;Mon Jun  5 14:21:40 2017
D;01;02;3;  50;  1720;  1694;  1720;  1906;1.345;1276.5;Mon Jun  5 14:21:50 2017
D;01;02;3;  50;  1730;  1704;  1730;  1896;1.345;1276.3;Mon Jun  5 14:22:00 2017
D;01;02;3;  50;  1740;  1714;  1740;  1886;1.346;1276.2;Mon Jun  5 14:22:10 2017
D;01;02;3;  50;  1750;  1724;  1750;  1876;1.345;1276.1;Mon Jun  5 14:22:20 2017
D;01;02;3;  50;  1760;  1734;  1760;  1866;1.345;1275.9;Mon Jun  5 14:22:30 2017
D;01;02;3;  50;  1770;  1744;  1770;  1856;1.345;1275.8;Mon Jun  5 14:22:40 2017
D;01;02;3;  50;  1780;  1754;  1780;  1846;1.344;1275.6;Mon Jun  5 14:22:50 2017
D;01;02;3;  50;  1790;  1764;  1790;  1836;1.344;1275.5;Mon Jun  5 14:23:00 2017
D;01;02;3;  50;  1800;  1774;  1800;  1826;1.344;1275.4;Mon Jun  5 14:23:10 2017
D;01;02;3;  50;  1810;  1784;  1810;  1816;1.343;1275.2;Mon Jun  5 14:23:20 2017
D;01;02;3;  50;  1820;  1794;  1820;  1806;1.344;1275.1;Mon Jun  5 14:23:30 2017
D;01;02;3;  50;  1830;  1804;  1830;  1796;1.344;1274.9;Mon Jun  5 14:23:40 2017
D;01;02;3;  50;  1840;  1814;  1840;  1786;1.343;1274.8;Mon Jun  5 14:23:50 2017
D;01;02;3;  50;  1850;  1824;  1850;  1776;1.344;1274.7;Mon Jun  5 14:24:00 2017
D;01;02;3;  50;  1860;  1834;  1860;  1766;1.344;1274.5;Mon Jun  5 14:24:10 2017
D;01;02;3;  50;  1870;  1844;  1870;  1756;1.343;1274.4;Mon Jun  5 14:24:20 2017
D;01;02;3;  50;  1880;  1854;  1880;  1746;1.343;1274.2;Mon Jun  5 14:24:30 2017
D;01;02;3;  50;  1890;  1864;  1890;  1736;1.344;1274.1;Mon Jun  5 14:24:40 2017
D;01;02;3;  50;  1900;  1874;  1900;  1726;1.342;1274.0;Mon Jun  5 14:24:50 2017
D;01;02;3;  50;  1910;  1884;  1910;  1716;1.342;1273.8;Mon Jun  5 14:25:00 2017
D;01;02;3;  50;  1920;  1894;  1920;  1706;1.343;1273.7;Mon Jun  5 14:25:10 2017
D;01;02;3;  50;  1930;  1904;  1930;  1696;1.342;1273.6;Mon Jun  5 14:25:20 2017
D;01;02;3;  50;  1940;  1914;  1940;  1686;1.342;1273.4;Mon Jun  5 14:25:30 2017
D;01;02;3;  50;  1950;  1924;  1950;  1676;1.343;1273.3;Mon Jun  5 14:25:40 2017
D;01;02;3;  50;  1960;  1934;  1960;  1666;1.342;1273.1;Mon Jun  5 14:25:50 2017
D;01;02;3;  50;  1970;  1944;  1970;  1656;1.342;1273.0;Mon Jun  5 14:26:00 2017
D;01;02;3;  50;  1980;  1954;  1980;  1646;1.342;1272.9;Mon Jun  5 14:26:10 2017
D;01;02;3;  50;  1990;  1964;  1990;  1636;1.341;1272.7;Mon Jun  5 14:26:20 2017
D;01;02;3;  50;  2000;  1974;  2000;  1626;1.342;1272.6;Mon Jun  5 14:26:30 2017
D;01;02;3;  50;  2010;  1984;  2010;  1616;1.342;1272.4;Mon Jun  5 14:26:40 2017
D;01;02;3;  50;  2020;  1994;  2020;  1606;1.341;1272.3;Mon Jun  5 14:26:50 2017
D;01;02;3;  50;  2030;  2004;  2030;  1596;1.341;1272.2;Mon Jun  5 14:27:00 2017
D;01;02;3;  50;  2040;  2014;  2040;  1586;1.341;1272.0;Mon Jun  5 14:27:10 2017
D;01;02;3;  50;  2050;  2024;  2050;  1576;1.341;1271.9;Mon Jun  5 14:27:20 2017
D;01;02;3;  50;  2060;  2034;  2060;  1566;1.340;1271.7;Mon Jun  5 14:27:30 2017
D;01;02;3;  50;  2070;  2044;  2070;  1556;1.341;1271.6;Mon Jun  5 14:27:40 2017
D;01;02;3;  50;  2080;  2054;  2080;  1546;1.340;1271.5;Mon Jun  5 14:27:50 2017
D;01;02;3;  50;  2090;  2064;  2090;  1536;1.341;1271.3;Mon Jun  5 14:28:00 2017
D;01;02;3;  50;  2100;  2074;  2100;  1526;1.341;1271.2;Mon Jun  5 14:28:10 2017
D;01;02;3;  50;  2110;  2084;  2110;  1516;1.340;1271.1;Mon Jun  5 14:28:20 2017
D;01;02;3;  50;  2120;  2094;  2120;  1506;1.341;1270.9;Mon Jun  5 14:28:30 2017
D;01;02;3;  50;  2130;  2104;  2130;  1496;1.341;1270.8;Mon Jun  5 14:28:40 2017
D;01;02;3;  50;  2140;  2114;  2140;  1486;1.339;1270.6;Mon Jun  5 14:28:50 2017
D;01;02;3;  50;  2150;  2124;  2150;  1476;1.339;1270.5;Mon Jun  5 14:29:00 2017
D;01;02;3;  50;  2160;  2134;  2160;  1466;1.340;1270.4;Mon Jun  5 14:29:10 2017
D;01;02;3;  50;  2170;  2144;  2170;  1456;1.339;1270.2;Mon Jun  5 14:29:20 2017
D;01;02;3;  50;  2180;  2154;  2180;  1446;1.339;1270.1;Mon Jun  5 14:29:30 2017
D;01;02;3;  50;  2190;  2164;  2190;  1436;1.340;1269.9;Mon Jun  5 14:29:40 2017
D;01;02;3;  50;  2200;  2174;  2200;  1426;1.339;1269.8;Mon Jun  5 14:29:50 2017
D;01;02;3;  50;  2210;  2184;  2210;  1416;1.339;1269.7;Mon Jun  5 14:30:00 2017
D;01;02;3;  50;  2220;  2194;  2220;  1406;1.339;1269.5;Mon Jun  5 14:30:10 2017
D;01;02;3;  50;  2230;  2204;  2230;  1396;1.339;1269.4;Mon Jun  5 14:30:20 2017
D;01;02;3;  50;  2240;  2214;  2240;  1386;1.339;1269.2;Mon Jun  5 14:30:30 2017
D;01;02;3;  50;  2250;  2224;  2250;  1376;1.339;1269.1;Mon Jun  5 14:30:40 2017
D;01;02;3;  50;  2260;  2234;  2260;  1366;1.338;1269.0;Mon Jun  5 14:30:50 2017
D;01;02;3;  50;  2270;  2244;  2270;  1356;1.338;1268.8;Mon Jun  5 14:31:00 2017
D;01;02;3;  50;  2280;  2254;  2280;  1346;1.339;1268.7;Mon Jun  5 14:31:10 2017
D;01;02;3;  50;  2290;  2264;  2290;  1336;1.338;1268.6;Mon Jun  5 14:31:20 2017
D;01;02;3;  50;  2300;  2274;  2300;  1326;1.338;1268.4;Mon Jun  5 14:31:30 2017
D;01;02;3;  50;  2310;  2284;  2310;  1316;1.338;1268.3;Mon Jun  5 14:31:40 2017
D;01;02;3;  50;  2320;  2294;  2320;  1306;1.337;1268.1;Mon Jun  5 14:31:50 2017
D;01;02;3;  50;  2330;  2304;  2330;  1296;1.338;1268.0;Mon Jun  5 14:32:00 2017
D;01;02;3;  50;  2340;  2314;  2340;  1286;1.338;1267.9;Mon Jun  5 14:32:10 2017
D;01;02;3;  50;  2350;  2324;  2350;  1276;1.337;1267.7;Mon Jun  5 14:32:20 2017
D;01;02;3;  50;  2360;  2334;  2360;  1266;1.338;1267.6;Mon Jun  5 14:32:30 2017
D;01;02;3;  50;  2370;  2344;  2370;  1256;1.338;1267.4;Mon Jun  5 14:32:40 2017
D;01;02;3;  50;  2380;  2354;  2380;  1246;1.337;1267.3;Mon Jun  5 14:32:50 2017
D;01;02;3;  50;  2390;  2364;  2390;  1236;1.337;1267.2;Mon Jun  5 14:33:00 2017
D;01;02;3;  50;  2400;  2374;  2400;  1226;1.337;1267.0;Mon Jun  5 14:33:10 2017
D;01;02;3;  50;  2410;  2384;  2410;  1216;1.337;1266.9;Mon Jun  5 14:33:20 2017
D;01;02;3;  50;  2420;  2394;  2420;  1206;1.337;1266.7;Mon Jun  5 14:33:30 2017
D;01;02;3;  50;  2430;  2404;  2430;  1196;1.337;1266.6;Mon Jun  5 14:33:40 2017
D;01;02;3;  50;  2440;  2414;  2440;  1186;1.336;1266.5;Mon Jun  5 14:33:50 2017
D;01;02;3;  50;  2450;  2424;  2450;  1176;1.337;1266.3;Mon Jun  5 14:34:00 2017
D;01;02;3;  50;  2460;  2434;  2460;  1166;1.337;1266.2;Mon Jun  5 14:34:10 2017
D;01;02;3;  50;  2470;  2444;  2470;  1156;1.336;1266.1;Mon Jun  5 14:34:20 2017
D;01;02;3;  50;  2480;  2454;  2480;  1146;1.337;1265.9;Mon Jun  5 14:34:30 2017
D;01;02;3;  50;  2490;  2464;  2490;  1136;1.336;1265.8;Mon Jun  5 14:34:40 2017
D;01;02;3;  50;  2500;  2474;  2500;  1126;1.336;1265.6;Mon Jun  5 14:34:50 2017
D;01;02;3;  50;  2510;  2484;  2510;  1116;1.336;1265.5;Mon Jun  5 14:35:00 2017
D;01;02;3;  50;  2520;  2494;  2520;  1106;1.336;1265.4;Mon Jun  5 14:35:10 2017
D;01;02;3;  50;  2540;  2514;  2540;  1086;1.336;1265.1;Mon Jun  5 14:35:30 2017
D;01;02;3;  50;  2550;  2524;  2550;  1076;1.336;1264.9;Mon Jun  5 14:35:40 2017
D;01;02;3;  50;  2560;  2534;  2560;  1066;1.335;1264.8;Mon Jun  5 14:35:50 2017
D;01;02;3;  50;  2570;  2544;  2570;  1056;1.336;1264.7;Mon Jun  5 14:36:00 2017
D;01;02;3;  50;  2580;  2554;  2580;  1046;1.336;1264.5;Mon Jun  5 14:36:10 2017
D;01;02;3;  50;  2590;  2564;  2590;  1036;1.335;1264.4;Mon Jun  5 14:36:20 2017
D;01;02;3;  50;  2600;  2574;  2600;  1026;1.335;1264.2;Mon Jun  5 14:36:30 2017
D;01;02;3;  50;  2610;  2584;  2610;  1016;1.335;1264.1;Mon Jun  5 14:36:40 2017
D;01;02;3;  50;  2620;  2594;  2620;  1006;1.335;1264.0;Mon Jun  5 14:36:50 2017
D;01;02;3;  50;  2630;  2604;  2630;   996;1.335;1263.8;Mon Jun  5 14:37:00 2017
D;01;02;3;  50;  2640;  2614;  2640;   986;1.335;1263.7;Mon Jun  5 14:37:10 2017
D;01;02;3;  50;  2660;  2634;  2660;   966;1.335;1263.4;Mon Jun  5 14:37:30 2017
D;01;02;3;  50;  2670;  2644;  2670;   956;1.335;1263.3;Mon Jun  5 14:37:40 2017
D;01;02;3;  50;  2680;  2654;  2680;   946;1.334;1263.1;Mon Jun  5 14:37:50 2017
D;01;02;3;  50;  2690;  2664;  2690;   936;1.334;1263.0;Mon Jun  5 14:38:00 2017
D;01;02;3;  50;  2700;  2674;  2700;   926;1.334;1262.9;Mon Jun  5 14:38:10 2017
D;01;02;3;  50;  2710;  2684;  2710;   916;1.333;1262.7;Mon Jun  5 14:38:20 2017
D;01;02;3;  50;  2720;  2694;  2720;   906;1.334;1262.6;Mon Jun  5 14:38:30 2017
D;01;02;3;  50;  2730;  2704;  2730;   896;1.334;1262.4;Mon Jun  5 14:38:40 2017
D;01;02;3;  50;  2740;  2714;  2740;   886;1.333;1262.3;Mon Jun  5 14:38:50 2017
D;01;02;3;  50;  2750;  2724;  2750;   876;1.334;1262.2;Mon Jun  5 14:39:00 2017
D;01;02;3;  50;  2760;  2734;  2760;   866;1.334;1262.0;Mon Jun  5 14:39:10 2017
D;01;02;3;  50;  2780;  2754;  2780;   846;1.333;1261.7;Mon Jun  5 14:39:30 2017
D;01;02;3;  50;  2790;  2764;  2790;   836;1.333;1261.6;Mon Jun  5 14:39:40 2017
D;01;02;3;  50;  2800;  2774;  2800;   826;1.332;1261.5;Mon Jun  5 14:39:50 2017
D;01;02;3;  50;  2810;  2784;  2810;   816;1.333;1261.3;Mon Jun  5 14:40:00 2017
D;01;02;3;  50;  2820;  2794;  2820;   806;1.333;1261.2;Mon Jun  5 14:40:10 2017
D;01;02;3;  50;  2830;  2804;  2830;   796;1.332;1261.1;Mon Jun  5 14:40:20 2017
D;01;02;3;  50;  2840;  2814;  2840;   786;1.333;1260.9;Mon Jun  5 14:40:30 2017
D;01;02;3;  50;  2850;  2824;  2850;   776;1.333;1260.8;Mon Jun  5 14:40:40 2017
D;01;02;3;  50;  2860;  2834;  2860;   766;1.332;1260.6;Mon Jun  5 14:40:50 2017
D;01;02;3;  50;  2870;  2844;  2870;   756;1.333;1260.5;Mon Jun  5 14:41:00 2017
D;01;02;3;  50;  2880;  2854;  2880;   746;1.333;1260.4;Mon Jun  5 14:41:10 2017
D;01;02;3;  50;  2900;  2874;  2900;   726;1.332;1260.1;Mon Jun  5 14:41:30 2017
D;01;02;3;  50;  2910;  2884;  2910;   716;1.332;1259.9;Mon Jun  5 14:41:40 2017
D;01;02;3;  50;  2920;  2894;  2920;   706;1.331;1259.8;Mon Jun  5 14:41:50 2017
D;01;02;3;  50;  2930;  2904;  2930;   696;1.332;1259.7;Mon Jun  5 14:42:00 2017
D;01;02;3;  50;  2940;  2914;  2940;   686;1.331;1259.5;Mon Jun  5 14:42:10 2017
D;01;02;3;  50;  2950;  2924;  2950;   676;1.331;1259.4;Mon Jun  5 14:42:20 2017
D;01;02;3;  50;  2960;  2934;  2960;   666;1.331;1259.2;Mon Jun  5 14:42:30 2017
D;01;02;3;  50;  2970;  2944;  2970;   656;1.330;1259.1;Mon Jun  5 14:42:40 2017
D;01;02;3;  50;  2980;  2954;  2980;   646;1.330;1259.0;Mon Jun  5 14:42:50 2017
D;01;02;3;  50;  2990;  2964;  2990;   636;1.331;1258.8;Mon Jun  5 14:43:00 2017
D;01;02;3;  50;  3000;  2974;  3000;   626;1.331;1258.7;Mon Jun  5 14:43:10 2017
D;01;02;3;  50;  3020;  2994;  3020;   606;1.330;1258.4;Mon Jun  5 14:43:30 2017
D;01;02;3;  50;  3030;  3004;  3030;   596;1.331;1258.3;Mon Jun  5 14:43:40 2017
D;01;02;3;  50;  3040;  3014;  3040;   586;1.330;1258.1;Mon Jun  5 14:43:50 2017
D;01;02;3;  50;  3050;  3024;  3050;   576;1.330;1258.0;Mon Jun  5 14:44:00 2017
D;01;02;3;  50;  3060;  3034;  3060;   566;1.330;1257.9;Mon Jun  5 14:44:10 2017
D;01;02;3;  50;  3070;  3044;  3070;   556;1.330;1257.7;Mon Jun  5 14:44:20 2017
D;01;02;3;  50;  3080;  3054;  3080;   546;1.330;1257.6;Mon Jun  5 14:44:30 2017
D;01;02;3;  50;  3090;  3064;  3090;   536;1.330;1257.4;Mon Jun  5 14:44:40 2017
D;01;02;3;  50;  3100;  3074;  3100;   526;1.330;1257.3;Mon Jun  5 14:44:50 2017
D;01;02;3;  50;  3110;  3084;  3110;   516;1.330;1257.2;Mon Jun  5 14:45:00 2017
D;01;02;3;  50;  3120;  3094;  3120;   506;1.330;1257.0;Mon Jun  5 14:45:10 2017
D;01;02;3;  50;  3140;  3114;  3140;   486;1.329;1256.7;Mon Jun  5 14:45:30 2017
D;01;02;3;  50;  3150;  3124;  3150;   476;1.329;1256.6;Mon Jun  5 14:45:40 2017
D;01;02;3;  50;  3160;  3134;  3160;   466;1.328;1256.5;Mon Jun  5 14:45:50 2017
D;01;02;3;  50;  3170;  3144;  3170;   456;1.329;1256.3;Mon Jun  5 14:46:00 2017
D;01;02;3;  50;  3180;  3154;  3180;   446;1.329;1256.2;Mon Jun  5 14:46:10 2017
D;01;02;3;  50;  3190;  3164;  3190;   436;1.328;1256.1;Mon Jun  5 14:46:20 2017
D;01;02;3;  50;  3200;  3174;  3200;   426;1.328;1255.9;Mon Jun  5 14:46:30 2017
D;01;02;3;  50;  3210;  3184;  3210;   416;1.328;1255.8;Mon Jun  5 14:46:40 2017
D;01;02;3;  50;  3220;  3194;  3220;   406;1.327;1255.6;Mon Jun  5 14:46:50 2017
D;01;02;3;  50;  3230;  3204;  3230;   396;1.327;1255.5;Mon Jun  5 14:47:00 2017
D;01;02;3;  50;  3240;  3214;  3240;   386;1.327;1255.4;Mon Jun  5 14:47:10 2017
D;01;02;3;  50;  3260;  3234;  3260;   366;1.327;1255.1;Mon Jun  5 14:47:30 2017
D;01;02;3;  50;  3270;  3244;  3270;   356;1.327;1254.9;Mon Jun  5 14:47:40 2017
D;01;02;3;  50;  3280;  3254;  3280;   346;1.326;1254.8;Mon Jun  5 14:47:50 2017
D;01;02;3;  50;  3290;  3264;  3290;   336;1.327;1254.7;Mon Jun  5 14:48:00 2017
D;01;02;3;  50;  3300;  3274;  3300;   326;1.327;1254.5;Mon Jun  5 14:48:10 2017
D;01;02;3;  50;  3310;  3284;  3310;   316;1.326;1254.4;Mon Jun  5 14:48:20 2017
D;01;02;3;  50;  3320;  3294;  3320;   306;1.327;1254.2;Mon Jun  5 14:48:30 2017
D;01;02;3;  50;  3330;  3304;  3330;   296;1.326;1254.1;Mon Jun  5 14:48:40 2017
D;01;02;3;  50;  3340;  3314;  3340;   286;1.325;1254.0;Mon Jun  5 14:48:50 2017
D;01;02;3;  50;  3350;  3324;  3350;   276;1.326;1253.8;Mon Jun  5 14:49:00 2017
D;01;02;3;  50;  3360;  3334;  3360;   266;1.326;1253.7;Mon Jun  5 14:49:10 2017
D;01;02;3;  50;  3380;  3354;  3380;   246;1.325;1253.4;Mon Jun  5 14:49:30 2017
D;01;02;3;  50;  3390;  3364;  3390;   236;1.325;1253.3;Mon Jun  5 14:49:40 2017
D;01;02;3;  50;  3400;  3374;  3400;   226;1.324;1253.1;Mon Jun  5 14:49:50 2017
D;01;02;3;  50;  3410;  3384;  3410;   216;1.324;1253.0;Mon Jun  5 14:50:00 2017
D;01;02;3;  50;  3420;  3394;  3420;   206;1.323;1252.9;Mon Jun  5 14:50:10 2017
D;01;02;3;  50;  3430;  3404;  3430;   196;1.323;1252.7;Mon Jun  5 14:50:20 2017
D;01;02;3;  50;  3440;  3414;  3440;   186;1.323;1252.6;Mon Jun  5 14:50:30 2017
D;01;02;3;  50;  3450;  3424;  3450;   176;1.323;1252.4;Mon Jun  5 14:50:40 2017
D;01;02;3;  50;  3460;  3434;  3460;   166;1.322;1252.3;Mon Jun  5 14:50:50 2017
D;01;02;3;  50;  3470;  3444;  3470;   156;1.323;1252.2;Mon Jun  5 14:51:00 2017
D;01;02;3;  50;  3480;  3454;  3480;   146;1.322;1252.0;Mon Jun  5 14:51:10 2017
D;01;02;3;  50;  3500;  3474;  3500;   126;1.323;1251.7;Mon Jun  5 14:51:30 2017
D;01;02;3;  50;  3510;  3484;  3510;   116;1.322;1251.6;Mon Jun  5 14:51:40 2017
D;01;02;3;  50;  3520;  3494;  3520;   106;1.321;1251.5;Mon Jun  5 14:51:50 2017
D;01;02;3;  50;  3530;  3504;  3530;    96;1.322;1251.3;Mon Jun  5 14:52:00 2017
D;01;02;3;  50;  3540;  3514;  3540;    86;1.322;1251.2;Mon Jun  5 14:52:10 2017
D;01;02;3;  50;  3550;  3524;  3550;    76;1.321;1251.1;Mon Jun  5 14:52:20 2017
D;01;02;3;  50;  3560;  3534;  3560;    66;1.322;1250.9;Mon Jun  5 14:52:30 2017
D;01;02;3;  50;  3570;  3544;  3570;    56;1.322;1250.8;Mon Jun  5 14:52:40 2017
D;01;02;3;  50;  3580;  3554;  3580;    46;1.321;1250.6;Mon Jun  5 14:52:50 2017
D;01;02;3;  50;  3590;  3564;  3590;    36;1.321;1250.5;Mon Jun  5 14:53:00 2017
D;01;02;3;  50;  3600;  3574;  3600;    26;1.321;1250.4;Mon Jun  5 14:53:10 2017
D;01;02;3;  50;  3610;  3584;  3610;    16;1.320;1250.2;Mon Jun  5 14:53:20 2017
D;01;02;3;  50;  3620;  3594;  3620;     6;1.321;1250.1;Mon Jun  5 14:53:30 2017
C;01;03;3;   0;  3630;     3;  3630;   597;1.376;1250.0;Mon Jun  5 14:53:40 2017
C;01;03;3;   0;  3640;    13;  3640;   587;1.376;1250.0;Mon Jun  5 14:53:50 2017
C;01;03;3;   0;  3650;    23;  3650;   577;1.378;1250.0;Mon Jun  5 14:54:00 2017
C;01;03;3;   0;  3660;    33;  3660;   567;1.377;1250.0;Mon Jun  5 14:54:10 2017
C;01;03;3;   0;  3670;    43;  3670;   557;1.377;1250.0;Mon Jun  5 14:54:20 2017
C;01;03;3;   0;  3680;    53;  3680;   547;1.378;1250.0;Mon Jun  5 14:54:30 2017
C;01;03;3;   0;  3690;    63;  3690;   537;1.378;1250.0;Mon Jun  5 14:54:40 2017
C;01;03;3;   0;  3700;    73;  3700;   527;1.377;1250.0;Mon Jun  5 14:54:50 2017
C;01;03;3;   0;  3710;    83;  3710;   517;1.378;1250.0;Mon Jun  5 14:55:00 2017
C;01;03;3;   0;  3720;    93;  3720;   507;1.379;1250.0;Mon Jun  5 14:55:10 2017
C;01;03;3;   0;  3730;   103;  3730;   497;1.378;1250.0;Mon Jun  5 14:55:20 2017
C;01;03;3;   0;  3740;   113;  3740;   487;1.379;1250.0;Mon Jun  5 14:55:30 2017
C;01;03;3;   0;  3750;   123;  3750;   477;1.379;1250.0;Mon Jun  5 14:55:40 2017
C;01;03;3;   0;  3760;   133;  3760;   467;1.380;1250.0;Mon Jun  5 14:55:50 2017
C;01;03;3;   0;  3770;   143;  3770;   457;1.379;1250.0;Mon Jun  5 14:56:00 2017
C;01;03;3;   0;  3780;   153;  3780;   447;1.380;1250.0;Mon Jun  5 14:56:10 2017
C;01;03;3;   0;  3790;   163;  3790;   437;1.379;1250.0;Mon Jun  5 14:56:20 2017
C;01;03;3;   0;  3800;   173;  3800;   427;1.380;1250.0;Mon Jun  5 14:56:30 2017
C;01;03;3;   0;  3810;   183;  3810;   417;1.379;1250.0;Mon Jun  5 14:56:40 2017
C;01;03;3;   0;  3820;   193;  3820;   407;1.379;1250.0;Mon Jun  5 14:56:50 2017
C;01;03;3;   0;  3830;   203;  3830;   397;1.380;1250.0;Mon Jun  5 14:57:00 2017
C;01;03;3;   0;  3840;   213;  3840;   387;1.380;1250.0;Mon Jun  5 14:57:10 2017
C;01;03;3;   0;  3850;   223;  3850;   377;1.379;1250.0;Mon Jun  5 14:57:20 2017
C;01;03;3;   0;  3860;   233;  3860;   367;1.381;1250.0;Mon Jun  5 14:57:30 2017
C;01;03;3;   0;  3870;   243;  3870;   357;1.380;1250.0;Mon Jun  5 14:57:40 2017
C;01;03;3;   0;  3880;   253;  3880;   347;1.380;1250.0;Mon Jun  5 14:57:50 2017
C;01;03;3;   0;  3890;   263;  3890;   337;1.381;1250.0;Mon Jun  5 14:58:00 2017
C;01;03;3;   0;  3900;   273;  3900;   327;1.381;1250.0;Mon Jun  5 14:58:10 2017
C;01;03;3;   0;  3910;   283;  3910;   317;1.380;1250.0;Mon Jun  5 14:58:20 2017
C;01;03;3;   0;  3920;   293;  3920;   307;1.381;1250.0;Mon Jun  5 14:58:30 2017
C;01;03;3;   0;  3930;   303;  3930;   297;1.382;1250.0;Mon Jun  5 14:58:40 2017
C;01;03;3;   0;  3940;   313;  3940;   287;1.381;1250.0;Mon Jun  5 14:58:50 2017
C;01;03;3;   0;  3950;   323;  3950;   277;1.382;1250.0;Mon Jun  5 14:59:00 2017
C;01;03;3;   0;  3960;   333;  3960;   267;1.381;1250.0;Mon Jun  5 14:59:10 2017
C;01;03;3;   0;  3970;   343;  3970;   257;1.381;1250.0;Mon Jun  5 14:59:20 2017
C;01;03;3;   0;  3980;   353;  3980;   247;1.381;1250.0;Mon Jun  5 14:59:30 2017
C;01;03;3;   0;  3990;   363;  3990;   237;1.382;1250.0;Mon Jun  5 14:59:40 2017
C;01;03;3;   0;  4000;   373;  4000;   227;1.381;1250.0;Mon Jun  5 14:59:50 2017
C;01;03;3;   0;  4010;   383;  4010;   217;1.382;1250.0;Mon Jun  5 15:00:00 2017
C;01;03;3;   0;  4020;   393;  4020;   207;1.382;1250.0;Mon Jun  5 15:00:10 2017
C;01;03;3;   0;  4030;   403;  4030;   197;1.381;1250.0;Mon Jun  5 15:00:20 2017
C;01;03;3;   0;  4040;   413;  4040;   187;1.382;1250.0;Mon Jun  5 15:00:30 2017
C;01;03;3;   0;  4050;   423;  4050;   177;1.382;1250.0;Mon Jun  5 15:00:40 2017
C;01;03;3;   0;  4060;   433;  4060;   167;1.381;1250.0;Mon Jun  5 15:00:50 2017
C;01;03;3;   0;  4070;   443;  4070;   157;1.382;1250.0;Mon Jun  5 15:01:00 2017
C;01;03;3;   0;  4080;   453;  4080;   147;1.382;1250.0;Mon Jun  5 15:01:10 2017
C;01;03;3;   0;  4090;   463;  4090;   137;1.382;1250.0;Mon Jun  5 15:01:20 2017
C;01;03;3;   0;  4100;   473;  4100;   127;1.382;1250.0;Mon Jun  5 15:01:30 2017
C;01;03;3;   0;  4110;   483;  4110;   117;1.382;1250.0;Mon Jun  5 15:01:40 2017
C;01;03;3;   0;  4120;   493;  4120;   107;1.382;1250.0;Mon Jun  5 15:01:50 2017
C;01;03;3;   0;  4130;   503;  4130;    97;1.382;1250.0;Mon Jun  5 15:02:00 2017
C;01;03;3;   0;  4140;   513;  4140;    87;1.383;1250.0;Mon Jun  5 15:02:10 2017
C;01;03;3;   0;  4150;   523;  4150;    77;1.382;1250.0;Mon Jun  5 15:02:20 2017
C;01;03;3;   0;  4170;   543;  4170;    57;1.383;1250.0;Mon Jun  5 15:02:40 2017
C;01;03;3;   0;  4180;   553;  4180;    47;1.382;1250.0;Mon Jun  5 15:02:50 2017
C;01;03;3;   0;  4190;   563;  4190;    37;1.382;1250.0;Mon Jun  5 15:03:00 2017
C;01;03;3;   0;  4200;   573;  4200;    27;1.383;1250.0;Mon Jun  5 15:03:10 2017
C;01;03;3;   0;  4210;   583;  4210;    17;1.382;1250.0;Mon Jun  5 15:03:20 2017
C;01;03;3;   0;  4220;   593;  4220;     7;1.383;1250.0;Mon Jun  5 15:03:30 2017
C;01;04;3;  50;  4230;     2;  4230;  3598;1.425;1250.0;Mon Jun  5 15:03:40 2017
C;01;04;3;  50;  4240;    12;  4240;  3588;1.425;1250.2;Mon Jun  5 15:03:50 2017
C;01;04;3;  50;  4250;    22;  4250;  3578;1.426;1250.3;Mon Jun  5 15:04:00 2017
C;01;04;3;  50;  4260;    32;  4260;  3568;1.427;1250.4;Mon Jun  5 15:04:10 2017
C;01;04;3;  50;  4270;    42;  4270;  3558;1.426;1250.6;Mon Jun  5 15:04:20 2017
C;01;04;3;  50;  4290;    62;  4290;  3538;1.428;1250.8;Mon Jun  5 15:04:40 2017
C;01;04;3;  50;  4300;    72;  4300;  3528;1.428;1251.0;Mon Jun  5 15:04:50 2017
C;01;04;3;  50;  4310;    82;  4310;  3518;1.428;1251.1;Mon Jun  5 15:05:00 2017
C;01;04;3;  50;  4320;    92;  4320;  3508;1.429;1251.3;Mon Jun  5 15:05:10 2017
C;01;04;3;  50;  4330;   102;  4330;  3498;1.429;1251.4;Mon Jun  5 15:05:20 2017
C;01;04;3;  50;  4340;   112;  4340;  3488;1.429;1251.5;Mon Jun  5 15:05:30 2017
C;01;04;3;  50;  4350;   122;  4350;  3478;1.430;1251.7;Mon Jun  5 15:05:40 2017
C;01;04;3;  50;  4360;   132;  4360;  3468;1.430;1251.8;Mon Jun  5 15:05:50 2017
C;01;04;3;  50;  4370;   142;  4370;  3458;1.430;1252.0;Mon Jun  5 15:06:00 2017
C;01;04;3;  50;  4380;   152;  4380;  3448;1.431;1252.1;Mon Jun  5 15:06:10 2017
C;01;04;3;  50;  4390;   162;  4390;  3438;1.431;1252.2;Mon Jun  5 15:06:20 2017
C;01;04;3;  50;  4410;   182;  4410;  3418;1.432;1252.5;Mon Jun  5 15:06:40 2017
C;01;04;3;  50;  4420;   192;  4420;  3408;1.432;1252.7;Mon Jun  5 15:06:50 2017
C;01;04;3;  50;  4430;   202;  4430;  3398;1.432;1252.8;Mon Jun  5 15:07:00 2017
C;01;04;3;  50;  4440;   212;  4440;  3388;1.433;1252.9;Mon Jun  5 15:07:10 2017
C;01;04;3;  50;  4450;   222;  4450;  3378;1.433;1253.1;Mon Jun  5 15:07:20 2017
C;01;04;3;  50;  4460;   232;  4460;  3368;1.433;1253.2;Mon Jun  5 15:07:30 2017
C;01;04;3;  50;  4470;   242;  4470;  3358;1.434;1253.3;Mon Jun  5 15:07:40 2017
C;01;04;3;  50;  4480;   252;  4480;  3348;1.433;1253.5;Mon Jun  5 15:07:50 2017
C;01;04;3;  50;  4490;   262;  4490;  3338;1.434;1253.6;Mon Jun  5 15:08:00 2017
C;01;04;3;  50;  4500;   272;  4500;  3328;1.435;1253.8;Mon Jun  5 15:08:10 2017
C;01;04;3;  50;  4510;   282;  4510;  3318;1.434;1253.9;Mon Jun  5 15:08:20 2017
C;01;04;3;  50;  4530;   302;  4530;  3298;1.436;1254.2;Mon Jun  5 15:08:40 2017
C;01;04;3;  50;  4540;   312;  4540;  3288;1.435;1254.3;Mon Jun  5 15:08:50 2017
C;01;04;3;  50;  4550;   322;  4550;  3278;1.435;1254.5;Mon Jun  5 15:09:00 2017
C;01;04;3;  50;  4560;   332;  4560;  3268;1.436;1254.6;Mon Jun  5 15:09:10 2017
C;01;04;3;  50;  4570;   342;  4570;  3258;1.436;1254.7;Mon Jun  5 15:09:20 2017
C;01;04;3;  50;  4580;   352;  4580;  3248;1.436;1254.9;Mon Jun  5 15:09:30 2017
C;01;04;3;  50;  4590;   362;  4590;  3238;1.437;1255.0;Mon Jun  5 15:09:40 2017
C;01;04;3;  50;  4600;   372;  4600;  3228;1.437;1255.2;Mon Jun  5 15:09:50 2017
C;01;04;3;  50;  4610;   382;  4610;  3218;1.438;1255.3;Mon Jun  5 15:10:00 2017
C;01;04;3;  50;  4620;   392;  4620;  3208;1.438;1255.4;Mon Jun  5 15:10:10 2017
C;01;04;3;  50;  4630;   402;  4630;  3198;1.437;1255.6;Mon Jun  5 15:10:20 2017
C;01;04;3;  50;  4650;   422;  4650;  3178;1.438;1255.8;Mon Jun  5 15:10:40 2017
C;01;04;3;  50;  4660;   432;  4660;  3168;1.438;1256.0;Mon Jun  5 15:10:50 2017
C;01;04;3;  50;  4670;   442;  4670;  3158;1.438;1256.1;Mon Jun  5 15:11:00 2017
C;01;04;3;  50;  4680;   452;  4680;  3148;1.439;1256.3;Mon Jun  5 15:11:10 2017
C;01;04;3;  50;  4690;   462;  4690;  3138;1.439;1256.4;Mon Jun  5 15:11:20 2017
C;01;04;3;  50;  4700;   472;  4700;  3128;1.440;1256.5;Mon Jun  5 15:11:30 2017
C;01;04;3;  50;  4710;   482;  4710;  3118;1.439;1256.7;Mon Jun  5 15:11:40 2017
C;01;04;3;  50;  4720;   492;  4720;  3108;1.439;1256.8;Mon Jun  5 15:11:50 2017
C;01;04;3;  50;  4730;   502;  4730;  3098;1.440;1257.0;Mon Jun  5 15:12:00 2017
C;01;04;3;  50;  4740;   512;  4740;  3088;1.440;1257.1;Mon Jun  5 15:12:10 2017
C;01;04;3;  50;  4750;   522;  4750;  3078;1.440;1257.2;Mon Jun  5 15:12:20 2017
C;01;04;3;  50;  4770;   542;  4770;  3058;1.441;1257.5;Mon Jun  5 15:12:40 2017
C;01;04;3;  50;  4780;   552;  4780;  3048;1.440;1257.7;Mon Jun  5 15:12:50 2017
C;01;04;3;  50;  4790;   562;  4790;  3038;1.441;1257.8;Mon Jun  5 15:13:00 2017
C;01;04;3;  50;  4800;   572;  4800;  3028;1.442;1257.9;Mon Jun  5 15:13:10 2017
C;01;04;3;  50;  4810;   582;  4810;  3018;1.441;1258.1;Mon Jun  5 15:13:20 2017
C;01;04;3;  50;  4820;   592;  4820;  3008;1.442;1258.2;Mon Jun  5 15:13:30 2017
C;01;04;3;  50;  4830;   602;  4830;  2998;1.442;1258.3;Mon Jun  5 15:13:40 2017
C;01;04;3;  50;  4840;   612;  4840;  2988;1.442;1258.5;Mon Jun  5 15:13:50 2017
C;01;04;3;  50;  4850;   622;  4850;  2978;1.443;1258.6;Mon Jun  5 15:14:00 2017
C;01;04;3;  50;  4860;   632;  4860;  2968;1.443;1258.8;Mon Jun  5 15:14:10 2017
C;01;04;3;  50;  4870;   642;  4870;  2958;1.442;1258.9;Mon Jun  5 15:14:20 2017
C;01;04;3;  50;  4890;   662;  4890;  2938;1.444;1259.2;Mon Jun  5 15:14:40 2017
C;01;04;3;  50;  4900;   672;  4900;  2928;1.443;1259.3;Mon Jun  5 15:14:50 2017
C;01;04;3;  50;  4910;   682;  4910;  2918;1.444;1259.5;Mon Jun  5 15:15:00 2017
C;01;04;3;  50;  4920;   692;  4920;  2908;1.444;1259.6;Mon Jun  5 15:15:10 2017
C;01;04;3;  50;  4930;   702;  4930;  2898;1.443;1259.7;Mon Jun  5 15:15:20 2017
C;01;04;3;  50;  4940;   712;  4940;  2888;1.445;1259.9;Mon Jun  5 15:15:30 2017
C;01;04;3;  50;  4950;   722;  4950;  2878;1.445;1260.0;Mon Jun  5 15:15:40 2017
C;01;04;3;  50;  4960;   732;  4960;  2868;1.444;1260.2;Mon Jun  5 15:15:50 2017
C;01;04;3;  50;  4970;   742;  4970;  2858;1.445;1260.3;Mon Jun  5 15:16:00 2017
C;01;04;3;  50;  4980;   752;  4980;  2848;1.446;1260.4;Mon Jun  5 15:16:10 2017
C;01;04;3;  50;  4990;   762;  4990;  2838;1.445;1260.6;Mon Jun  5 15:16:20 2017
C;01;04;3;  50;  5000;   772;  5000;  2828;1.445;1260.7;Mon Jun  5 15:16:30 2017
C;01;04;3;  50;  5010;   782;  5010;  2818;1.446;1260.8;Mon Jun  5 15:16:40 2017
C;01;04;3;  50;  5020;   792;  5020;  2808;1.445;1261.0;Mon Jun  5 15:16:50 2017
C;01;04;3;  50;  5030;   802;  5030;  2798;1.446;1261.1;Mon Jun  5 15:17:00 2017
C;01;04;3;  50;  5040;   812;  5040;  2788;1.446;1261.3;Mon Jun  5 15:17:10 2017
C;01;04;3;  50;  5050;   822;  5050;  2778;1.446;1261.4;Mon Jun  5 15:17:20 2017
C;01;04;3;  50;  5060;   832;  5060;  2768;1.447;1261.5;Mon Jun  5 15:17:30 2017
C;01;04;3;  50;  5070;   842;  5070;  2758;1.447;1261.7;Mon Jun  5 15:17:40 2017
C;01;04;3;  50;  5080;   852;  5080;  2748;1.446;1261.8;Mon Jun  5 15:17:50 2017
C;01;04;3;  50;  5090;   862;  5090;  2738;1.447;1262.0;Mon Jun  5 15:18:00 2017
C;01;04;3;  50;  5100;   872;  5100;  2728;1.448;1262.1;Mon Jun  5 15:18:10 2017
C;01;04;3;  50;  5110;   882;  5110;  2718;1.447;1262.2;Mon Jun  5 15:18:20 2017
C;01;04;3;  50;  5120;   892;  5120;  2708;1.448;1262.4;Mon Jun  5 15:18:30 2017
C;01;04;3;  50;  5130;   902;  5130;  2698;1.448;1262.5;Mon Jun  5 15:18:40 2017
C;01;04;3;  50;  5140;   912;  5140;  2688;1.447;1262.7;Mon Jun  5 15:18:50 2017
C;01;04;3;  50;  5150;   922;  5150;  2678;1.448;1262.8;Mon Jun  5 15:19:00 2017
C;01;04;3;  50;  5160;   932;  5160;  2668;1.448;1262.9;Mon Jun  5 15:19:10 2017
C;01;04;3;  50;  5170;   942;  5170;  2658;1.448;1263.1;Mon Jun  5 15:19:20 2017
C;01;04;3;  50;  5180;   952;  5180;  2648;1.449;1263.2;Mon Jun  5 15:19:30 2017
C;01;04;3;  50;  5190;   962;  5190;  2638;1.449;1263.3;Mon Jun  5 15:19:40 2017
C;01;04;3;  50;  5200;   972;  5200;  2628;1.449;1263.5;Mon Jun  5 15:19:50 2017
C;01;04;3;  50;  5210;   982;  5210;  2618;1.449;1263.6;Mon Jun  5 15:20:00 2017
C;01;04;3;  50;  5220;   992;  5220;  2608;1.450;1263.8;Mon Jun  5 15:20:10 2017
C;01;04;3;  50;  5230;  1002;  5230;  2598;1.449;1263.9;Mon Jun  5 15:20:20 2017
C;01;04;3;  50;  5240;  1012;  5240;  2588;1.450;1264.0;Mon Jun  5 15:20:30 2017
C;01;04;3;  50;  5250;  1022;  5250;  2578;1.450;1264.2;Mon Jun  5 15:20:40 2017
C;01;04;3;  50;  5260;  1032;  5260;  2568;1.450;1264.3;Mon Jun  5 15:20:50 2017
C;01;04;3;  50;  5270;  1042;  5270;  2558;1.450;1264.5;Mon Jun  5 15:21:00 2017
C;01;04;3;  50;  5280;  1052;  5280;  2548;1.451;1264.6;Mon Jun  5 15:21:10 2017
C;01;04;3;  50;  5290;  1062;  5290;  2538;1.450;1264.7;Mon Jun  5 15:21:20 2017
C;01;04;3;  50;  5300;  1072;  5300;  2528;1.451;1264.9;Mon Jun  5 15:21:30 2017
C;01;04;3;  50;  5310;  1082;  5310;  2518;1.451;1265.0;Mon Jun  5 15:21:40 2017
C;01;04;3;  50;  5320;  1092;  5320;  2508;1.451;1265.2;Mon Jun  5 15:21:50 2017
C;01;04;3;  50;  5330;  1102;  5330;  2498;1.452;1265.3;Mon Jun  5 15:22:00 2017
C;01;04;3;  50;  5340;  1112;  5340;  2488;1.452;1265.4;Mon Jun  5 15:22:10 2017
C;01;04;3;  50;  5350;  1122;  5350;  2478;1.451;1265.6;Mon Jun  5 15:22:20 2017
C;01;04;3;  50;  5360;  1132;  5360;  2468;1.452;1265.7;Mon Jun  5 15:22:30 2017
C;01;04;3;  50;  5370;  1142;  5370;  2458;1.453;1265.8;Mon Jun  5 15:22:40 2017
C;01;04;3;  50;  5380;  1152;  5380;  2448;1.452;1266.0;Mon Jun  5 15:22:50 2017
C;01;04;3;  50;  5390;  1162;  5390;  2438;1.453;1266.1;Mon Jun  5 15:23:00 2017
C;01;04;3;  50;  5400;  1172;  5400;  2428;1.453;1266.3;Mon Jun  5 15:23:10 2017
C;01;04;3;  50;  5410;  1182;  5410;  2418;1.452;1266.4;Mon Jun  5 15:23:20 2017
C;01;04;3;  50;  5420;  1192;  5420;  2408;1.453;1266.5;Mon Jun  5 15:23:30 2017
C;01;04;3;  50;  5430;  1202;  5430;  2398;1.453;1266.7;Mon Jun  5 15:23:40 2017
C;01;04;3;  50;  5440;  1212;  5440;  2388;1.453;1266.8;Mon Jun  5 15:23:50 2017
C;01;04;3;  50;  5450;  1222;  5450;  2378;1.454;1267.0;Mon Jun  5 15:24:00 2017
C;01;04;3;  50;  5460;  1232;  5460;  2368;1.454;1267.1;Mon Jun  5 15:24:10 2017
C;01;04;3;  50;  5470;  1242;  5470;  2358;1.454;1267.2;Mon Jun  5 15:24:20 2017
C;01;04;3;  50;  5480;  1252;  5480;  2348;1.454;1267.4;Mon Jun  5 15:24:30 2017
C;01;04;3;  50;  5490;  1262;  5490;  2338;1.453;1267.5;Mon Jun  5 15:24:40 2017
C;01;04;3;  50;  5500;  1272;  5500;  2328;1.454;1267.7;Mon Jun  5 15:24:50 2017
C;01;04;3;  50;  5510;  1282;  5510;  2318;1.455;1267.8;Mon Jun  5 15:25:00 2017
C;01;04;3;  50;  5520;  1292;  5520;  2308;1.454;1267.9;Mon Jun  5 15:25:10 2017
C;01;04;3;  50;  5530;  1302;  5530;  2298;1.454;1268.1;Mon Jun  5 15:25:20 2017
C;01;04;3;  50;  5540;  1312;  5540;  2288;1.455;1268.2;Mon Jun  5 15:25:30 2017
C;01;04;3;  50;  5550;  1322;  5550;  2278;1.455;1268.3;Mon Jun  5 15:25:40 2017
C;01;04;3;  50;  5560;  1332;  5560;  2268;1.454;1268.5;Mon Jun  5 15:25:50 2017
C;01;04;3;  50;  5570;  1342;  5570;  2258;1.456;1268.6;Mon Jun  5 15:26:00 2017
C;01;04;3;  50;  5580;  1352;  5580;  2248;1.456;1268.8;Mon Jun  5 15:26:10 2017
C;01;04;3;  50;  5590;  1362;  5590;  2238;1.455;1268.9;Mon Jun  5 15:26:20 2017
C;01;04;3;  50;  5600;  1372;  5600;  2228;1.456;1269.0;Mon Jun  5 15:26:30 2017
C;01;04;3;  50;  5610;  1382;  5610;  2218;1.456;1269.2;Mon Jun  5 15:26:40 2017
C;01;04;3;  50;  5620;  1392;  5620;  2208;1.456;1269.3;Mon Jun  5 15:26:50 2017
C;01;04;3;  50;  5630;  1402;  5630;  2198;1.457;1269.5;Mon Jun  5 15:27:00 2017
C;01;04;3;  50;  5640;  1412;  5640;  2188;1.456;1269.6;Mon Jun  5 15:27:10 2017
C;01;04;3;  50;  5650;  1422;  5650;  2178;1.456;1269.7;Mon Jun  5 15:27:20 2017
C;01;04;3;  50;  5660;  1432;  5660;  2168;1.457;1269.9;Mon Jun  5 15:27:30 2017
C;01;04;3;  50;  5670;  1442;  5670;  2158;1.457;1270.0;Mon Jun  5 15:27:40 2017
C;01;04;3;  50;  5680;  1452;  5680;  2148;1.456;1270.2;Mon Jun  5 15:27:50 2017
C;01;04;3;  50;  5690;  1462;  5690;  2138;1.458;1270.3;Mon Jun  5 15:28:00 2017
C;01;04;3;  50;  5700;  1472;  5700;  2128;1.458;1270.4;Mon Jun  5 15:28:10 2017
C;01;04;3;  50;  5710;  1482;  5710;  2118;1.457;1270.6;Mon Jun  5 15:28:20 2017
C;01;04;3;  50;  5720;  1492;  5720;  2108;1.458;1270.7;Mon Jun  5 15:28:30 2017
C;01;04;3;  50;  5730;  1502;  5730;  2098;1.457;1270.8;Mon Jun  5 15:28:40 2017
C;01;04;3;  50;  5740;  1512;  5740;  2088;1.458;1271.0;Mon Jun  5 15:28:50 2017
C;01;04;3;  50;  5750;  1522;  5750;  2078;1.459;1271.1;Mon Jun  5 15:29:00 2017
C;01;04;3;  50;  5760;  1532;  5760;  2068;1.458;1271.3;Mon Jun  5 15:29:10 2017
C;01;04;3;  50;  5770;  1542;  5770;  2058;1.458;1271.4;Mon Jun  5 15:29:20 2017
C;01;04;3;  50;  5780;  1552;  5780;  2048;1.459;1271.5;Mon Jun  5 15:29:30 2017
C;01;04;3;  50;  5790;  1562;  5790;  2038;1.459;1271.7;Mon Jun  5 15:29:40 2017
C;01;04;3;  50;  5800;  1572;  5800;  2028;1.459;1271.8;Mon Jun  5 15:29:50 2017
C;01;04;3;  50;  5810;  1582;  5810;  2018;1.459;1272.0;Mon Jun  5 15:30:00 2017
C;01;04;3;  50;  5820;  1592;  5820;  2008;1.459;1272.1;Mon Jun  5 15:30:10 2017
C;01;04;3;  50;  5830;  1602;  5830;  1998;1.461;1272.2;Mon Jun  5 15:30:20 2017
C;01;04;3;  50;  5840;  1612;  5840;  1988;1.460;1272.4;Mon Jun  5 15:30:30 2017
C;01;04;3;  50;  5850;  1622;  5850;  1978;1.459;1272.5;Mon Jun  5 15:30:40 2017
C;01;04;3;  50;  5860;  1632;  5860;  1968;1.461;1272.7;Mon Jun  5 15:30:50 2017
C;01;04;3;  50;  5870;  1642;  5870;  1958;1.461;1272.8;Mon Jun  5 15:31:00 2017
C;01;04;3;  50;  5880;  1652;  5880;  1948;1.460;1272.9;Mon Jun  5 15:31:10 2017
C;01;04;3;  50;  5890;  1662;  5890;  1938;1.460;1273.1;Mon Jun  5 15:31:20 2017
C;01;04;3;  50;  5900;  1672;  5900;  1928;1.461;1273.2;Mon Jun  5 15:31:30 2017
C;01;04;3;  50;  5910;  1682;  5910;  1918;1.461;1273.3;Mon Jun  5 15:31:40 2017
C;01;04;3;  50;  5920;  1692;  5920;  1908;1.461;1273.5;Mon Jun  5 15:31:50 2017
C;01;04;3;  50;  5930;  1702;  5930;  1898;1.462;1273.6;Mon Jun  5 15:32:00 2017
C;01;04;3;  50;  5940;  1712;  5940;  1888;1.461;1273.8;Mon Jun  5 15:32:10 2017
C;01;04;3;  50;  5950;  1722;  5950;  1878;1.462;1273.9;Mon Jun  5 15:32:20 2017
C;01;04;3;  50;  5960;  1732;  5960;  1868;1.463;1274.0;Mon Jun  5 15:32:30 2017
C;01;04;3;  50;  5970;  1742;  5970;  1858;1.461;1274.2;Mon Jun  5 15:32:40 2017
C;01;04;3;  50;  5980;  1752;  5980;  1848;1.463;1274.3;Mon Jun  5 15:32:50 2017
C;01;04;3;  50;  5990;  1762;  5990;  1838;1.463;1274.5;Mon Jun  5 15:33:00 2017
C;01;04;3;  50;  6000;  1772;  6000;  1828;1.462;1274.6;Mon Jun  5 15:33:10 2017
C;01;04;3;  50;  6010;  1782;  6010;  1818;1.462;1274.7;Mon Jun  5 15:33:20 2017
C;01;04;3;  50;  6020;  1792;  6020;  1808;1.463;1274.9;Mon Jun  5 15:33:30 2017
C;01;04;3;  50;  6030;  1802;  6030;  1798;1.462;1275.0;Mon Jun  5 15:33:40 2017
C;01;04;3;  50;  6040;  1812;  6040;  1788;1.463;1275.2;Mon Jun  5 15:33:50 2017
C;01;04;3;  50;  6050;  1822;  6050;  1778;1.463;1275.3;Mon Jun  5 15:34:00 2017
C;01;04;3;  50;  6060;  1832;  6060;  1768;1.463;1275.4;Mon Jun  5 15:34:10 2017
C;01;04;3;  50;  6070;  1842;  6070;  1758;1.464;1275.6;Mon Jun  5 15:34:20 2017
C;01;04;3;  50;  6080;  1852;  6080;  1748;1.464;1275.7;Mon Jun  5 15:34:30 2017
C;01;04;3;  50;  6090;  1862;  6090;  1738;1.463;1275.8;Mon Jun  5 15:34:40 2017
C;01;04;3;  50;  6100;  1872;  6100;  1728;1.465;1276.0;Mon Jun  5 15:34:50 2017
C;01;04;3;  50;  6110;  1882;  6110;  1718;1.465;1276.1;Mon Jun  5 15:35:00 2017
C;01;04;3;  50;  6120;  1892;  6120;  1708;1.464;1276.3;Mon Jun  5 15:35:10 2017
C;01;04;3;  50;  6130;  1902;  6130;  1698;1.464;1276.4;Mon Jun  5 15:35:20 2017
C;01;04;3;  50;  6140;  1912;  6140;  1688;1.465;1276.5;Mon Jun  5 15:35:30 2017
C;01;04;3;  50;  6160;  1932;  6160;  1668;1.465;1276.8;Mon Jun  5 15:35:50 2017
C;01;04;3;  50;  6170;  1942;  6170;  1658;1.465;1277.0;Mon Jun  5 15:36:00 2017
C;01;04;3;  50;  6180;  1952;  6180;  1648;1.465;1277.1;Mon Jun  5 15:36:10 2017
C;01;04;3;  50;  6190;  1962;  6190;  1638;1.466;1277.2;Mon Jun  5 15:36:20 2017
C;01;04;3;  50;  6200;  1972;  6200;  1628;1.466;1277.4;Mon Jun  5 15:36:30 2017
C;01;04;3;  50;  6210;  1982;  6210;  1618;1.465;1277.5;Mon Jun  5 15:36:40 2017
C;01;04;3;  50;  6220;  1992;  6220;  1608;1.466;1277.7;Mon Jun  5 15:36:50 2017
C;01;04;3;  50;  6230;  2002;  6230;  1598;1.466;1277.8;Mon Jun  5 15:37:00 2017
C;01;04;3;  50;  6240;  2012;  6240;  1588;1.466;1277.9;Mon Jun  5 15:37:10 2017
C;01;04;3;  50;  6250;  2022;  6250;  1578;1.466;1278.1;Mon Jun  5 15:37:20 2017
C;01;04;3;  50;  6260;  2032;  6260;  1568;1.467;1278.2;Mon Jun  5 15:37:30 2017
C;01;04;3;  50;  6270;  2042;  6270;  1558;1.467;1278.3;Mon Jun  5 15:37:40 2017
C;01;04;3;  50;  6280;  2052;  6280;  1548;1.467;1278.5;Mon Jun  5 15:37:50 2017
C;01;04;3;  50;  6290;  2062;  6290;  1538;1.467;1278.6;Mon Jun  5 15:38:00 2017
C;01;04;3;  50;  6300;  2072;  6300;  1528;1.466;1278.8;Mon Jun  5 15:38:10 2017
C;01;04;3;  50;  6310;  2082;  6310;  1518;1.467;1278.9;Mon Jun  5 15:38:20 2017
C;01;04;3;  50;  6320;  2092;  6320;  1508;1.468;1279.0;Mon Jun  5 15:38:30 2017
C;01;04;3;  50;  6330;  2102;  6330;  1498;1.467;1279.2;Mon Jun  5 15:38:40 2017
C;01;04;3;  50;  6350;  2122;  6350;  1478;1.468;1279.5;Mon Jun  5 15:39:00 2017
C;01;04;3;  50;  6360;  2132;  6360;  1468;1.468;1279.6;Mon Jun  5 15:39:10 2017
C;01;04;3;  50;  6370;  2142;  6370;  1458;1.468;1279.7;Mon Jun  5 15:39:20 2017
C;01;04;3;  50;  6380;  2152;  6380;  1448;1.469;1279.9;Mon Jun  5 15:39:30 2017
C;01;04;3;  50;  6390;  2162;  6390;  1438;1.468;1280.0;Mon Jun  5 15:39:40 2017
C;01;04;3;  50;  6400;  2172;  6400;  1428;1.469;1280.2;Mon Jun  5 15:39:50 2017
C;01;04;3;  50;  6410;  2182;  6410;  1418;1.469;1280.3;Mon Jun  5 15:40:00 2017
C;01;04;3;  50;  6420;  2192;  6420;  1408;1.469;1280.4;Mon Jun  5 15:40:10 2017
C;01;04;3;  50;  6430;  2202;  6430;  1398;1.470;1280.6;Mon Jun  5 15:40:20 2017
C;01;04;3;  50;  6440;  2212;  6440;  1388;1.470;1280.7;Mon Jun  5 15:40:30 2017
C;01;04;3;  50;  6450;  2222;  6450;  1378;1.469;1280.8;Mon Jun  5 15:40:40 2017
C;01;04;3;  50;  6460;  2232;  6460;  1368;1.470;1281.0;Mon Jun  5 15:40:50 2017
C;01;04;3;  50;  6470;  2242;  6470;  1358;1.471;1281.1;Mon Jun  5 15:41:00 2017
C;01;04;3;  50;  6480;  2252;  6480;  1348;1.469;1281.3;Mon Jun  5 15:41:10 2017
C;01;04;3;  50;  6490;  2262;  6490;  1338;1.470;1281.4;Mon Jun  5 15:41:20 2017
C;01;04;3;  50;  6500;  2272;  6500;  1328;1.471;1281.5;Mon Jun  5 15:41:30 2017
C;01;04;3;  50;  6510;  2282;  6510;  1318;1.470;1281.7;Mon Jun  5 15:41:40 2017
C;01;04;3;  50;  6520;  2292;  6520;  1308;1.470;1281.8;Mon Jun  5 15:41:50 2017
C;01;04;3;  50;  6540;  2312;  6540;  1288;1.471;1282.1;Mon Jun  5 15:42:10 2017
C;01;04;3;  50;  6550;  2322;  6550;  1278;1.471;1282.2;Mon Jun  5 15:42:20 2017
C;01;04;3;  50;  6560;  2332;  6560;  1268;1.471;1282.4;Mon Jun  5 15:42:30 2017
C;01;04;3;  50;  6570;  2342;  6570;  1258;1.471;1282.5;Mon Jun  5 15:42:40 2017
C;01;04;3;  50;  6580;  2352;  6580;  1248;1.471;1282.7;Mon Jun  5 15:42:50 2017
C;01;04;3;  50;  6590;  2362;  6590;  1238;1.472;1282.8;Mon Jun  5 15:43:00 2017
C;01;04;3;  50;  6600;  2372;  6600;  1228;1.472;1282.9;Mon Jun  5 15:43:10 2017
C;01;04;3;  50;  6610;  2382;  6610;  1218;1.472;1283.1;Mon Jun  5 15:43:20 2017
C;01;04;3;  50;  6620;  2392;  6620;  1208;1.473;1283.2;Mon Jun  5 15:43:30 2017
C;01;04;3;  50;  6630;  2402;  6630;  1198;1.472;1283.3;Mon Jun  5 15:43:40 2017
C;01;04;3;  50;  6640;  2412;  6640;  1188;1.472;1283.5;Mon Jun  5 15:43:50 2017
C;01;04;3;  50;  6650;  2422;  6650;  1178;1.473;1283.6;Mon Jun  5 15:44:00 2017
C;01;04;3;  50;  6660;  2432;  6660;  1168;1.473;1283.8;Mon Jun  5 15:44:10 2017
C;01;04;3;  50;  6670;  2442;  6670;  1158;1.473;1283.9;Mon Jun  5 15:44:20 2017
C;01;04;3;  50;  6680;  2452;  6680;  1148;1.474;1284.0;Mon Jun  5 15:44:30 2017
C;01;04;3;  50;  6690;  2462;  6690;  1138;1.473;1284.2;Mon Jun  5 15:44:40 2017
C;01;04;3;  50;  6700;  2472;  6700;  1128;1.473;1284.3;Mon Jun  5 15:44:50 2017
C;01;04;3;  50;  6710;  2482;  6710;  1118;1.474;1284.5;Mon Jun  5 15:45:00 2017
C;01;04;3;  50;  6720;  2492;  6720;  1108;1.474;1284.6;Mon Jun  5 15:45:10 2017
C;01;04;3;  50;  6730;  2502;  6730;  1098;1.473;1284.7;Mon Jun  5 15:45:20 2017
C;01;04;3;  50;  6740;  2512;  6740;  1088;1.474;1284.9;Mon Jun  5 15:45:30 2017
C;01;04;3;  50;  6750;  2522;  6750;  1078;1.474;1285.0;Mon Jun  5 15:45:40 2017
C;01;04;3;  50;  6760;  2532;  6760;  1068;1.474;1285.2;Mon Jun  5 15:45:50 2017
C;01;04;3;  50;  6770;  2542;  6770;  1058;1.475;1285.3;Mon Jun  5 15:46:00 2017
C;01;04;3;  50;  6780;  2552;  6780;  1048;1.475;1285.4;Mon Jun  5 15:46:10 2017
C;01;04;3;  50;  6790;  2562;  6790;  1038;1.474;1285.6;Mon Jun  5 15:46:20 2017
C;01;04;3;  50;  6800;  2572;  6800;  1028;1.475;1285.7;Mon Jun  5 15:46:30 2017
C;01;04;3;  50;  6810;  2582;  6810;  1018;1.475;1285.8;Mon Jun  5 15:46:40 2017
C;01;04;3;  50;  6820;  2592;  6820;  1008;1.475;1286.0;Mon Jun  5 15:46:50 2017
C;01;04;3;  50;  6830;  2602;  6830;   998;1.476;1286.1;Mon Jun  5 15:47:00 2017
C;01;04;3;  50;  6850;  2622;  6850;   978;1.475;1286.4;Mon Jun  5 15:47:20 2017
C;01;04;3;  50;  6860;  2632;  6860;   968;1.476;1286.5;Mon Jun  5 15:47:30 2017
C;01;04;3;  50;  6870;  2642;  6870;   958;1.476;1286.7;Mon Jun  5 15:47:40 2017
C;01;04;3;  50;  6880;  2652;  6880;   948;1.476;1286.8;Mon Jun  5 15:47:50 2017
C;01;04;3;  50;  6890;  2662;  6890;   938;1.476;1287.0;Mon Jun  5 15:48:00 2017
C;01;04;3;  50;  6900;  2672;  6900;   928;1.477;1287.1;Mon Jun  5 15:48:10 2017
C;01;04;3;  50;  6910;  2682;  6910;   918;1.476;1287.2;Mon Jun  5 15:48:20 2017
C;01;04;3;  50;  6920;  2692;  6920;   908;1.477;1287.4;Mon Jun  5 15:48:30 2017
C;01;04;3;  50;  6930;  2702;  6930;   898;1.477;1287.5;Mon Jun  5 15:48:40 2017
C;01;04;3;  50;  6940;  2712;  6940;   888;1.477;1287.7;Mon Jun  5 15:48:50 2017
C;01;04;3;  50;  6950;  2722;  6950;   878;1.478;1287.8;Mon Jun  5 15:49:00 2017
C;01;04;3;  50;  6960;  2732;  6960;   868;1.478;1287.9;Mon Jun  5 15:49:10 2017
C;01;04;3;  50;  6970;  2742;  6970;   858;1.477;1288.1;Mon Jun  5 15:49:20 2017
C;01;04;3;  50;  6980;  2752;  6980;   848;1.478;1288.2;Mon Jun  5 15:49:30 2017
C;01;04;3;  50;  6990;  2762;  6990;   838;1.478;1288.3;Mon Jun  5 15:49:40 2017
C;01;04;3;  50;  7000;  2772;  7000;   828;1.478;1288.5;Mon Jun  5 15:49:50 2017
C;01;04;3;  50;  7010;  2782;  7010;   818;1.478;1288.6;Mon Jun  5 15:50:00 2017
C;01;04;3;  50;  7020;  2792;  7020;   808;1.479;1288.8;Mon Jun  5 15:50:10 2017
C;01;04;3;  50;  7040;  2812;  7040;   788;1.479;1289.0;Mon Jun  5 15:50:30 2017
C;01;04;3;  50;  7050;  2822;  7050;   778;1.479;1289.2;Mon Jun  5 15:50:40 2017
C;01;04;3;  50;  7060;  2832;  7060;   768;1.478;1289.3;Mon Jun  5 15:50:50 2017
C;01;04;3;  50;  7070;  2842;  7070;   758;1.479;1289.5;Mon Jun  5 15:51:00 2017
C;01;04;3;  50;  7080;  2852;  7080;   748;1.480;1289.6;Mon Jun  5 15:51:10 2017
C;01;04;3;  50;  7090;  2862;  7090;   738;1.479;1289.7;Mon Jun  5 15:51:20 2017
C;01;04;3;  50;  7100;  2872;  7100;   728;1.480;1289.9;Mon Jun  5 15:51:30 2017
C;01;04;3;  50;  7110;  2882;  7110;   718;1.480;1290.0;Mon Jun  5 15:51:40 2017
C;01;04;3;  50;  7120;  2892;  7120;   708;1.479;1290.2;Mon Jun  5 15:51:50 2017
C;01;04;3;  50;  7130;  2902;  7130;   698;1.479;1290.3;Mon Jun  5 15:52:00 2017
C;01;04;3;  50;  7140;  2912;  7140;   688;1.480;1290.4;Mon Jun  5 15:52:10 2017
C;01;04;3;  50;  7150;  2922;  7150;   678;1.480;1290.6;Mon Jun  5 15:52:20 2017
C;01;04;3;  50;  7160;  2932;  7160;   668;1.480;1290.7;Mon Jun  5 15:52:30 2017
C;01;04;3;  50;  7170;  2942;  7170;   658;1.481;1290.8;Mon Jun  5 15:52:40 2017
C;01;04;3;  50;  7180;  2952;  7180;   648;1.480;1291.0;Mon Jun  5 15:52:50 2017
C;01;04;3;  50;  7190;  2962;  7190;   638;1.481;1291.1;Mon Jun  5 15:53:00 2017
C;01;04;3;  50;  7200;  2972;  7200;   628;1.481;1291.3;Mon Jun  5 15:53:10 2017
C;01;04;3;  50;  7210;  2982;  7210;   618;1.480;1291.4;Mon Jun  5 15:53:20 2017
C;01;04;3;  50;  7220;  2992;  7220;   608;1.482;1291.5;Mon Jun  5 15:53:30 2017
C;01;04;3;  50;  7230;  3002;  7230;   598;1.482;1291.7;Mon Jun  5 15:53:40 2017
C;01;04;3;  50;  7240;  3012;  7240;   588;1.481;1291.8;Mon Jun  5 15:53:50 2017
C;01;04;3;  50;  7250;  3022;  7250;   578;1.481;1292.0;Mon Jun  5 15:54:00 2017
C;01;04;3;  50;  7260;  3032;  7260;   568;1.482;1292.1;Mon Jun  5 15:54:10 2017
C;01;04;3;  50;  7270;  3042;  7270;   558;1.482;1292.2;Mon Jun  5 15:54:20 2017
C;01;04;3;  50;  7280;  3052;  7280;   548;1.482;1292.4;Mon Jun  5 15:54:30 2017
C;01;04;3;  50;  7290;  3062;  7290;   538;1.482;1292.5;Mon Jun  5 15:54:40 2017
C;01;04;3;  50;  7300;  3072;  7300;   528;1.482;1292.7;Mon Jun  5 15:54:50 2017
C;01;04;3;  50;  7310;  3082;  7310;   518;1.483;1292.8;Mon Jun  5 15:55:00 2017
C;01;04;3;  50;  7320;  3092;  7320;   508;1.483;1292.9;Mon Jun  5 15:55:10 2017
C;01;04;3;  50;  7330;  3102;  7330;   498;1.482;1293.1;Mon Jun  5 15:55:20 2017
C;01;04;3;  50;  7350;  3122;  7350;   478;1.483;1293.3;Mon Jun  5 15:55:40 2017
C;01;04;3;  50;  7360;  3132;  7360;   468;1.483;1293.5;Mon Jun  5 15:55:50 2017
C;01;04;3;  50;  7370;  3142;  7370;   458;1.483;1293.6;Mon Jun  5 15:56:00 2017
C;01;04;3;  50;  7380;  3152;  7380;   448;1.484;1293.8;Mon Jun  5 15:56:10 2017
C;01;04;3;  50;  7390;  3162;  7390;   438;1.483;1293.9;Mon Jun  5 15:56:20 2017
C;01;04;3;  50;  7400;  3172;  7400;   428;1.483;1294.0;Mon Jun  5 15:56:30 2017
C;01;04;3;  50;  7410;  3182;  7410;   418;1.484;1294.2;Mon Jun  5 15:56:40 2017
C;01;04;3;  50;  7420;  3192;  7420;   408;1.484;1294.3;Mon Jun  5 15:56:50 2017
C;01;04;3;  50;  7430;  3202;  7430;   398;1.485;1294.5;Mon Jun  5 15:57:00 2017
C;01;04;3;  50;  7440;  3212;  7440;   388;1.485;1294.6;Mon Jun  5 15:57:10 2017
C;01;04;3;  50;  7450;  3222;  7450;   378;1.484;1294.7;Mon Jun  5 15:57:20 2017
C;01;04;3;  50;  7460;  3232;  7460;   368;1.484;1294.9;Mon Jun  5 15:57:30 2017
C;01;04;3;  50;  7470;  3242;  7470;   358;1.485;1295.0;Mon Jun  5 15:57:40 2017
C;01;04;3;  50;  7480;  3252;  7480;   348;1.485;1295.2;Mon Jun  5 15:57:50 2017
C;01;04;3;  50;  7490;  3262;  7490;   338;1.485;1295.3;Mon Jun  5 15:58:00 2017
C;01;04;3;  50;  7500;  3272;  7500;   328;1.486;1295.4;Mon Jun  5 15:58:10 2017
C;01;04;3;  50;  7510;  3282;  7510;   318;1.485;1295.6;Mon Jun  5 15:58:20 2017
C;01;04;3;  50;  7520;  3292;  7520;   308;1.485;1295.7;Mon Jun  5 15:58:30 2017
C;01;04;3;  50;  7540;  3312;  7540;   288;1.485;1296.0;Mon Jun  5 15:58:50 2017
C;01;04;3;  50;  7550;  3322;  7550;   278;1.486;1296.1;Mon Jun  5 15:59:00 2017
C;01;04;3;  50;  7560;  3332;  7560;   268;1.486;1296.3;Mon Jun  5 15:59:10 2017
C;01;04;3;  50;  7570;  3342;  7570;   258;1.486;1296.4;Mon Jun  5 15:59:20 2017
C;01;04;3;  50;  7580;  3352;  7580;   248;1.486;1296.5;Mon Jun  5 15:59:30 2017
C;01;04;3;  50;  7590;  3362;  7590;   238;1.487;1296.7;Mon Jun  5 15:59:40 2017
C;01;04;3;  50;  7600;  3372;  7600;   228;1.486;1296.8;Mon Jun  5 15:59:50 2017
C;01;04;3;  50;  7610;  3382;  7610;   218;1.486;1297.0;Mon Jun  5 16:00:00 2017
C;01;04;3;  50;  7620;  3392;  7620;   208;1.487;1297.1;Mon Jun  5 16:00:10 2017
C;01;04;3;  50;  7630;  3402;  7630;   198;1.487;1297.2;Mon Jun  5 16:00:20 2017
C;01;04;3;  50;  7640;  3412;  7640;   188;1.487;1297.4;Mon Jun  5 16:00:30 2017
C;01;04;3;  50;  7660;  3432;  7660;   168;1.487;1297.7;Mon Jun  5 16:00:50 2017
C;01;04;3;  50;  7670;  3442;  7670;   158;1.487;1297.8;Mon Jun  5 16:01:00 2017
C;01;04;3;  50;  7680;  3452;  7680;   148;1.488;1297.9;Mon Jun  5 16:01:10 2017
C;01;04;3;  50;  7690;  3462;  7690;   138;1.487;1298.1;Mon Jun  5 16:01:20 2017
C;01;04;3;  50;  7700;  3472;  7700;   128;1.488;1298.2;Mon Jun  5 16:01:30 2017
C;01;04;3;  50;  7710;  3482;  7710;   118;1.489;1298.3;Mon Jun  5 16:01:40 2017
C;01;04;3;  50;  7720;  3492;  7720;   108;1.488;1298.5;Mon Jun  5 16:01:50 2017
C;01;04;3;  50;  7730;  3502;  7730;    98;1.488;1298.6;Mon Jun  5 16:02:00 2017
C;01;04;3;  50;  7740;  3512;  7740;    88;1.489;1298.8;Mon Jun  5 16:02:10 2017
C;01;04;3;  50;  7750;  3522;  7750;    78;1.489;1298.9;Mon Jun  5 16:02:20 2017
C;01;04;3;  50;  7760;  3532;  7760;    68;1.488;1299.0;Mon Jun  5 16:02:30 2017
C;01;04;3;  50;  7770;  3542;  7770;    58;1.490;1299.2;Mon Jun  5 16:02:40 2017
C;01;04;3;  50;  7780;  3552;  7780;    48;1.489;1299.3;Mon Jun  5 16:02:50 2017
C;01;04;3;  50;  7790;  3562;  7790;    38;1.489;1299.5;Mon Jun  5 16:03:00 2017
C;01;04;3;  50;  7800;  3572;  7800;    28;1.490;1299.6;Mon Jun  5 16:03:10 2017
C;01;04;3;  50;  7810;  3582;  7810;    18;1.490;1299.7;Mon Jun  5 16:03:20 2017
C;01;04;3;  50;  7820;  3592;  7820;     8;1.489;1299.9;Mon Jun  5 16:03:30 2017
