D;01;01;2;   0;     0;     0;     0;   600;1.380;2100.0;Mon Jun  5 13:52:16 2017
D;01;01;2;   0;    10;    10;    10;   590;1.380;2100.0;Mon Jun  5 13:52:26 2017
D;01;01;2;   0;    20;    20;    20;   580;1.380;2100.0;Mon Jun  5 13:52:36 2017
D;01;01;2;   0;    30;    30;    30;   570;1.380;2100.0;Mon Jun  5 13:52:46 2017
D;01;01;2;   0;    40;    40;    40;   560;1.380;2100.0;Mon Jun  5 13:52:56 2017
D;01;01;2;   0;    50;    50;    50;   550;1.380;2100.0;Mon Jun  5 13:53:06 2017
D;01;01;2;   0;    60;    60;    60;   540;1.380;2100.0;Mon Jun  5 13:53:16 2017
D;01;01;2;   0;    70;    70;    70;   530;1.380;2100.0;Mon Jun  5 13:53:26 2017
D;01;02;2;  50;    80;     3;    80;  3597;1.371;2100.0;Mon Jun  5 13:53:36 2017
D;01;02;2;  50;    90;    13;    90;  3587;1.372;2099.8;Mon Jun  5 13:53:46 2017
D;01;02;2;  50;   110;    33;   110;  3567;1.371;2099.5;Mon Jun  5 13:54:06 2017
D;01;02;2;  50;   120;    43;   120;  3557;1.371;2099.4;Mon Jun  5 13:54:16 2017
D;01;02;2;  50;   130;    53;   130;  3547;1.370;2099.3;Mon Jun  5 13:54:26 2017
D;01;02;2;  50;   140;    63;   140;  3537;1.370;2099.1;Mon Jun  5 13:54:36 2017
D;01;02;2;  50;   150;    73;   150;  3527;1.370;2099.0;Mon Jun  5 13:54:46 2017
D;01;02;2;  50;   160;    83;   160;  3517;1.370;2098.8;Mon Jun  5 13:54:56 2017
D;01;02;2;  50;   170;    93;   170;  3507;1.369;2098.7;Mon Jun  5 13:55:06 2017
D;01;02;2;  50;   180;   103;   180;  3497;1.369;2098.6;Mon Jun  5 13:55:16 2017
D;01;02;2;  50;   190;   113;   190;  3487;1.368;2098.4;Mon Jun  5 13:55:26 2017
D;01;02;2;  50;   200;   123;   200;  3477;1.369;2098.3;Mon Jun  5 13:55:36 2017
D;01;02;2;  50;   210;   133;   210;  3467;1.369;2098.2;Mon Jun  5 13:55:46 2017
D;01;02;2;  50;   230;   153;   230;  3447;1.368;2097.9;Mon Jun  5 13:56:06 2017
D;01;02;2;  50;   240;   163;   240;  3437;1.369;2097.7;Mon Jun  5 13:56:16 2017
D;01;02;2;  50;   250;   173;   250;  3427;1.368;2097.6;Mon Jun  5 13:56:26 2017
D;01;02;2;  50;   260;   183;   260;  3417;1.368;2097.5;Mon Jun  5 13:56:36 2017
D;01;02;2;  50;   270;   193;   270;  3407;1.368;2097.3;Mon Jun  5 13:56:46 2017
D;01;02;2;  50;   280;   203;   280;  3397;1.368;2097.2;Mon Jun  5 13:56:56 2017
D;01;02;2;  50;   290;   213;   290;  3387;1.368;2097.0;Mon Jun  5 13:57:06 2017
D;01;02;2;  50;   300;   223;   300;  3377;1.368;2096.9;Mon Jun  5 13:57:16 2017
D;01;02;2;  50;   310;   233;   310;  3367;1.367;2096.8;Mon Jun  5 13:57:26 2017
D;01;02;2;  50;   320;   243;   320;  3357;1.368;2096.6;Mon Jun  5 13:57:36 2017
D;01;02;2;  50;   330;   253;   330;  3347;1.367;2096.5;Mon Jun  5 13:57:46 2017
D;01;02;2;  50;   350;   273;   350;  3327;1.367;2096.2;Mon Jun  5 13:58:06 2017
D;01;02;2;  50;   360;   283;   360;  3317;1.366;2096.1;Mon Jun  5 13:58:16 2017
D;01;02;2;  50;   370;   293;   370;  3307;1.367;2095.9;Mon Jun  5 13:58:26 2017
D;01;02;2;  50;   380;   303;   380;  3297;1.367;2095.8;Mon Jun  5 13:58:36 2017
D;01;02;2;  50;   390;   313;   390;  3287;1.366;2095.7;Mon Jun  5 13:58:46 2017
D;01;02;2;  50;   400;   323;   400;  3277;1.366;2095.5;Mon Jun  5 13:58:56 2017
D;01;02;2;  50;   410;   333;   410;  3267;1.367;2095.4;Mon Jun  5 13:59:06 2017
D;01;02;2;  50;   420;   343;   420;  3257;1.366;2095.2;Mon Jun  5 13:59:16 2017
D;01;02;2;  50;   430;   353;   430;  3247;1.367;2095.1;Mon Jun  5 13:59:26 2017
D;01;02;2;  50;   440;   363;   440;  3237;1.366;2095.0;Mon Jun  5 13:59:36 2017
D;01;02;2;  50;   450;   373;   450;  3227;1.367;2094.8;Mon Jun  5 13:59:46 2017
D;01;02;2;  50;   470;   393;   470;  3207;1.366;2094.5;Mon Jun  5 14:00:06 2017
D;01;02;2;  50;   480;   403;   480;  3197;1.365;2094.4;Mon Jun  5 14:00:16 2017
D;01;02;2;  50;   490;   413;   490;  3187;1.366;2094.3;Mon Jun  5 14:00:26 2017
D;01;02;2;  50;   500;   423;   500;  3177;1.365;2094.1;Mon Jun  5 14:00:36 2017
D;01;02;2;  50;   510;   433;   510;  3167;1.365;2094.0;Mon Jun  5 14:00:46 2017
D;01;02;2;  50;   520;   443;   520;  3157;1.365;2093.8;Mon Jun  5 14:00:56 2017
D;01;02;2;  50;   530;   453;   530;  3147;1.366;2093.7;Mon Jun  5 14:01:06 2017
D;01;02;2;  50;   540;   463;   540;  3137;1.365;2093.6;Mon Jun  5 14:01:16 2017
D;01;02;2;  50;   550;   473;   550;  3127;1.365;2093.4;Mon Jun  5 14:01:26 2017
D;01;02;2;  50;   560;   483;   560;  3117;1.364;2093.3;Mon Jun  5 14:01:36 2017
D;01;02;2;  50;   570;   493;   570;  3107;1.365;2093.2;Mon Jun  5 14:01:46 2017
D;01;02;2;  50;   580;   503;   580;  3097;1.364;2093.0;Mon Jun  5 14:01:56 2017
D;01;02;2;  50;   590;   513;   590;  3087;1.365;2092.9;Mon Jun  5 14:02:06 2017
D;01;02;2;  50;   600;   523;   600;  3077;1.365;2092.7;Mon Jun  5 14:02:16 2017
D;01;02;2;  50;   610;   533;   610;  3067;1.365;2092.6;Mon Jun  5 14:02:26 2017
D;01;02;2;  50;   620;   543;   620;  3057;1.365;2092.5;Mon Jun  5 14:02:36 2017
D;01;02;2;  50;   630;   553;   630;  3047;1.365;2092.3;Mon Jun  5 14:02:46 2017
D;01;02;2;  50;   640;   563;   640;  3037;1.364;2092.2;Mon Jun  5 14:02:56 2017
D;01;02;2;  50;   650;   573;   650;  3027;1.363;2092.0;Mon Jun  5 14:03:06 2017
D;01;02;2;  50;   660;   583;   660;  3017;1.364;2091.9;Mon Jun  5 14:03:16 2017
D;01;02;2;  50;   670;   593;   670;  3007;1.364;2091.8;Mon Jun  5 14:03:26 2017
D;01;02;2;  50;   680;   603;   680;  2997;1.364;2091.6;Mon Jun  5 14:03:36 2017
D;01;02;2;  50;   690;   613;   690;  2987;1.363;2091.5;Mon Jun  5 14:03:46 2017
D;01;02;2;  50;   700;   623;   700;  2977;1.364;2091.3;Mon Jun  5 14:03:56 2017
D;01;02;2;  50;   710;   633;   710;  2967;1.363;2091.2;Mon Jun  5 14:04:06 2017
D;01;02;2;  50;   720;   643;   720;  2957;1.364;2091.1;Mon Jun  5 14:04:16 2017
D;01;02;2;  50;   730;   653;   730;  2947;1.363;2090.9;Mon Jun  5 14:04:26 2017
D;01;02;2;  50;   740;   663;   740;  2937;1.364;2090.8;Mon Jun  5 14:04:36 2017
D;01;02;2;  50;   750;   673;   750;  2927;1.363;2090.7;Mon Jun  5 14:04:46 2017
D;01;02;2;  50;   760;   683;   760;  2917;1.363;2090.5;Mon Jun  5 14:04:56 2017
D;01;02;2;  50;   770;   693;   770;  2907;1.363;2090.4;Mon Jun  5 14:05:06 2017
D;01;02;2;  50;   780;   703;   780;  2897;1.364;2090.2;Mon Jun  5 14:05:16 2017
D;01;02;2;  50;   790;   713;   790;  2887;1.363;2090.1;Mon Jun  5 14:05:26 2017
D;01;02;2;  50;   800;   723;   800;  2877;1.363;2090.0;Mon Jun  5 14:05:36 2017
D;01;02;2;  50;   810;   733;   810;  2867;1.362;2089.8;Mon Jun  5 14:05:46 2017
D;01;02;2;  50;   820;   743;   820;  2857;1.363;2089.7;Mon Jun  5 14:05:56 2017
D;01;02;2;  50;   830;   753;   830;  2847;1.362;2089.5;Mon Jun  5 14:06:06 2017
D;01;02;2;  50;   840;   763;   840;  2837;1.362;2089.4;Mon Jun  5 14:06:16 2017
D;01;02;2;  50;   850;   773;   850;  2827;1.362;2089.3;Mon Jun  5 14:06:26 2017
D;01;02;2;  50;   860;   783;   860;  2817;1.362;2089.1;Mon Jun  5 14:06:36 2017
D;01;02;2;  50;   870;   793;   870;  2807;1.362;2089.0;Mon Jun  5 14:06:46 2017
D;01;02;2;  50;   880;   803;   880;  2797;1.362;2088.8;Mon Jun  5 14:06:56 2017
D;01;02;2;  50;   890;   813;   890;  2787;1.362;2088.7;Mon Jun  5 14:07:06 2017
D;01;02;2;  50;   900;   823;   900;  2777;1.362;2088.6;Mon Jun  5 14:07:16 2017
D;01;02;2;  50;   910;   833;   910;  2767;1.362;2088.4;Mon Jun  5 14:07:26 2017
D;01;02;2;  50;   920;   843;   920;  2757;1.361;2088.3;Mon Jun  5 14:07:36 2017
D;01;02;2;  50;   930;   853;   930;  2747;1.362;2088.2;Mon Jun  5 14:07:46 2017
D;01;02;2;  50;   940;   863;   940;  2737;1.362;2088.0;Mon Jun  5 14:07:56 2017
D;01;02;2;  50;   950;   873;   950;  2727;1.362;2087.9;Mon Jun  5 14:08:06 2017
D;01;02;2;  50;   960;   883;   960;  2717;1.361;2087.7;Mon Jun  5 14:08:16 2017
D;01;02;2;  50;   970;   893;   970;  2707;1.361;2087.6;Mon Jun  5 14:08:26 2017
D;01;02;2;  50;   980;   903;   980;  2697;1.361;2087.5;Mon Jun  5 14:08:36 2017
D;01;02;2;  50;   990;   913;   990;  2687;1.361;2087.3;Mon Jun  5 14:08:46 2017
D;01;02;2;  50;  1000;   923;  1000;  2677;1.361;2087.2;Mon Jun  5 14:08:56 2017
D;01;02;2;  50;  1010;   933;  1010;  2667;1.361;2087.0;Mon Jun  5 14:09:06 2017
D;01;02;2;  50;  1020;   943;  1020;  2657;1.361;2086.9;Mon Jun  5 14:09:16 2017
D;01;02;2;  50;  1030;   953;  1030;  2647;1.361;2086.8;Mon Jun  5 14:09:26 2017
D;01;02;2;  50;  1040;   963;  1040;  2637;1.361;2086.6;Mon Jun  5 14:09:36 2017
D;01;02;2;  50;  1050;   973;  1050;  2627;1.361;2086.5;Mon Jun  5 14:09:46 2017
D;01;02;2;  50;  1060;   983;  1060;  2617;1.360;2086.3;Mon Jun  5 14:09:56 2017
D;01;02;2;  50;  1070;   993;  1070;  2607;1.361;2086.2;Mon Jun  5 14:10:06 2017
D;01;02;2;  50;  1080;  1003;  1080;  2597;1.361;2086.1;Mon Jun  5 14:10:16 2017
D;01;02;2;  50;  1090;  1013;  1090;  2587;1.361;2085.9;Mon Jun  5 14:10:26 2017
D;01;02;2;  50;  1100;  1023;  1100;  2577;1.361;2085.8;Mon Jun  5 14:10:36 2017
D;01;02;2;  50;  1110;  1033;  1110;  2567;1.361;2085.7;Mon Jun  5 14:10:46 2017
D;01;02;2;  50;  1120;  1043;  1120;  2557;1.361;2085.5;Mon Jun  5 14:10:56 2017
D;01;02;2;  50;  1130;  1053;  1130;  2547;1.360;2085.4;Mon Jun  5 14:11:06 2017
D;01;02;2;  50;  1140;  1063;  1140;  2537;1.360;2085.2;Mon Jun  5 14:11:16 2017
D;01;02;2;  50;  1150;  1073;  1150;  2527;1.360;2085.1;Mon Jun  5 14:11:26 2017
D;01;02;2;  50;  1160;  1083;  1160;  2517;1.361;2085.0;Mon Jun  5 14:11:36 2017
D;01;02;2;  50;  1170;  1093;  1170;  2507;1.359;2084.8;Mon Jun  5 14:11:46 2017
D;01;02;2;  50;  1180;  1103;  1180;  2497;1.360;2084.7;Mon Jun  5 14:11:56 2017
D;01;02;2;  50;  1190;  1113;  1190;  2487;1.359;2084.5;Mon Jun  5 14:12:06 2017
D;01;02;2;  50;  1200;  1123;  1200;  2477;1.360;2084.4;Mon Jun  5 14:12:16 2017
D;01;02;2;  50;  1210;  1133;  1210;  2467;1.359;2084.3;Mon Jun  5 14:12:26 2017
D;01;02;2;  50;  1220;  1143;  1220;  2457;1.360;2084.1;Mon Jun  5 14:12:36 2017
D;01;02;2;  50;  1230;  1153;  1230;  2447;1.359;2084.0;Mon Jun  5 14:12:46 2017
D;01;02;2;  50;  1240;  1163;  1240;  2437;1.360;2083.8;Mon Jun  5 14:12:56 2017
D;01;02;2;  50;  1250;  1173;  1250;  2427;1.360;2083.7;Mon Jun  5 14:13:06 2017
D;01;02;2;  50;  1260;  1183;  1260;  2417;1.360;2083.6;Mon Jun  5 14:13:16 2017
D;01;02;2;  50;  1270;  1193;  1270;  2407;1.360;2083.4;Mon Jun  5 14:13:26 2017
D;01;02;2;  50;  1280;  1203;  1280;  2397;1.359;2083.3;Mon Jun  5 14:13:36 2017
D;01;02;2;  50;  1290;  1213;  1290;  2387;1.360;2083.2;Mon Jun  5 14:13:46 2017
D;01;02;2;  50;  1300;  1223;  1300;  2377;1.359;2083.0;Mon Jun  5 14:13:56 2017
D;01;02;2;  50;  1310;  1233;  1310;  2367;1.359;2082.9;Mon Jun  5 14:14:06 2017
D;01;02;2;  50;  1320;  1243;  1320;  2357;1.359;2082.7;Mon Jun  5 14:14:16 2017
D;01;02;2;  50;  1330;  1253;  1330;  2347;1.359;2082.6;Mon Jun  5 14:14:26 2017
D;01;02;2;  50;  1340;  1263;  1340;  2337;1.358;2082.5;Mon Jun  5 14:14:36 2017
D;01;02;2;  50;  1350;  1273;  1350;  2327;1.359;2082.3;Mon Jun  5 14:14:46 2017
D;01;02;2;  50;  1360;  1283;  1360;  2317;1.358;2082.2;Mon Jun  5 14:14:56 2017
D;01;02;2;  50;  1380;  1303;  1380;  2297;1.358;2081.9;Mon Jun  5 14:15:16 2017
D;01;02;2;  50;  1390;  1313;  1390;  2287;1.359;2081.8;Mon Jun  5 14:15:26 2017
D;01;02;2;  50;  1400;  1323;  1400;  2277;1.358;2081.6;Mon Jun  5 14:15:36 2017
D;01;02;2;  50;  1410;  1333;  1410;  2267;1.359;2081.5;Mon Jun  5 14:15:46 2017
D;01;02;2;  50;  1420;  1343;  1420;  2257;1.358;2081.3;Mon Jun  5 14:15:56 2017
D;01;02;2;  50;  1430;  1353;  1430;  2247;1.358;2081.2;Mon Jun  5 14:16:06 2017
D;01;02;2;  50;  1440;  1363;  1440;  2237;1.358;2081.1;Mon Jun  5 14:16:16 2017
D;01;02;2;  50;  1450;  1373;  1450;  2227;1.358;2080.9;Mon Jun  5 14:16:26 2017
D;01;02;2;  50;  1460;  1383;  1460;  2217;1.358;2080.8;Mon Jun  5 14:16:36 2017
D;01;02;2;  50;  1470;  1393;  1470;  2207;1.358;2080.7;Mon Jun  5 14:16:46 2017
D;01;02;2;  50;  1480;  1403;  1480;  2197;1.357;2080.5;Mon Jun  5 14:16:56 2017
D;01;02;2;  50;  1500;  1423;  1500;  2177;1.357;2080.2;Mon Jun  5 14:17:16 2017
D;01;02;2;  50;  1510;  1433;  1510;  2167;1.357;2080.1;Mon Jun  5 14:17:26 2017
D;01;02;2;  50;  1520;  1443;  1520;  2157;1.357;2080.0;Mon Jun  5 14:17:36 2017
D;01;02;2;  50;  1530;  1453;  1530;  2147;1.357;2079.8;Mon Jun  5 14:17:46 2017
D;01;02;2;  50;  1540;  1463;  1540;  2137;1.357;2079.7;Mon Jun  5 14:17:56 2017
D;01;02;2;  50;  1550;  1473;  1550;  2127;1.357;2079.5;Mon Jun  5 14:18:06 2017
D;01;02;2;  50;  1560;  1483;  1560;  2117;1.358;2079.4;Mon Jun  5 14:18:16 2017
D;01;02;2;  50;  1570;  1493;  1570;  2107;1.357;2079.3;Mon Jun  5 14:18:26 2017
D;01;02;2;  50;  1580;  1503;  1580;  2097;1.358;2079.1;Mon Jun  5 14:18:36 2017
D;01;02;2;  50;  1590;  1513;  1590;  2087;1.356;2079.0;Mon Jun  5 14:18:46 2017
D;01;02;2;  50;  1600;  1523;  1600;  2077;1.357;2078.8;Mon Jun  5 14:18:56 2017
D;01;02;2;  50;  1620;  1543;  1620;  2057;1.357;2078.6;Mon Jun  5 14:19:16 2017
D;01;02;2;  50;  1630;  1553;  1630;  2047;1.357;2078.4;Mon Jun  5 14:19:26 2017
D;01;02;2;  50;  1640;  1563;  1640;  2037;1.357;2078.3;Mon Jun  5 14:19:36 2017
D;01;02;2;  50;  1650;  1573;  1650;  2027;1.356;2078.2;Mon Jun  5 14:19:46 2017
D;01;02;2;  50;  1660;  1583;  1660;  2017;1.357;2078.0;Mon Jun  5 14:19:56 2017
D;01;02;2;  50;  1670;  1593;  1670;  2007;1.356;2077.9;Mon Jun  5 14:20:06 2017
D;01;02;2;  50;  1680;  1603;  1680;  1997;1.356;2077.7;Mon Jun  5 14:20:16 2017
D;01;02;2;  50;  1690;  1613;  1690;  1987;1.356;2077.6;Mon Jun  5 14:20:26 2017
D;01;02;2;  50;  1700;  1623;  1700;  1977;1.356;2077.5;Mon Jun  5 14:20:36 2017
D;01;02;2;  50;  1710;  1633;  1710;  1967;1.356;2077.3;Mon Jun  5 14:20:46 2017
D;01;02;2;  50;  1720;  1643;  1720;  1957;1.356;2077.2;Mon Jun  5 14:20:56 2017
D;01;02;2;  50;  1740;  1663;  1740;  1937;1.356;2076.9;Mon Jun  5 14:21:16 2017
D;01;02;2;  50;  1750;  1673;  1750;  1927;1.356;2076.8;Mon Jun  5 14:21:26 2017
D;01;02;2;  50;  1760;  1683;  1760;  1917;1.356;2076.6;Mon Jun  5 14:21:36 2017
D;01;02;2;  50;  1770;  1693;  1770;  1907;1.356;2076.5;Mon Jun  5 14:21:46 2017
D;01;02;2;  50;  1780;  1703;  1780;  1897;1.356;2076.3;Mon Jun  5 14:21:56 2017
D;01;02;2;  50;  1790;  1713;  1790;  1887;1.356;2076.2;Mon Jun  5 14:22:06 2017
D;01;02;2;  50;  1800;  1723;  1800;  1877;1.355;2076.1;Mon Jun  5 14:22:16 2017
D;01;02;2;  50;  1810;  1733;  1810;  1867;1.356;2075.9;Mon Jun  5 14:22:26 2017
D;01;02;2;  50;  1820;  1743;  1820;  1857;1.355;2075.8;Mon Jun  5 14:22:36 2017
D;01;02;2;  50;  1830;  1753;  1830;  1847;1.356;2075.7;Mon Jun  5 14:22:46 2017
D;01;02;2;  50;  1840;  1763;  1840;  1837;1.355;2075.5;Mon Jun  5 14:22:56 2017
D;01;02;2;  50;  1860;  1783;  1860;  1817;1.355;2075.2;Mon Jun  5 14:23:16 2017
D;01;02;2;  50;  1870;  1793;  1870;  1807;1.356;2075.1;Mon Jun  5 14:23:26 2017
D;01;02;2;  50;  1880;  1803;  1880;  1797;1.355;2075.0;Mon Jun  5 14:23:36 2017
D;01;02;2;  50;  1890;  1813;  1890;  1787;1.356;2074.8;Mon Jun  5 14:23:46 2017
D;01;02;2;  50;  1900;  1823;  1900;  1777;1.355;2074.7;Mon Jun  5 14:23:56 2017
D;01;02;2;  50;  1910;  1833;  1910;  1767;1.355;2074.5;Mon Jun  5 14:24:06 2017
D;01;02;2;  50;  1920;  1843;  1920;  1757;1.355;2074.4;Mon Jun  5 14:24:16 2017
D;01;02;2;  50;  1930;  1853;  1930;  1747;1.355;2074.3;Mon Jun  5 14:24:26 2017
D;01;02;2;  50;  1940;  1863;  1940;  1737;1.355;2074.1;Mon Jun  5 14:24:36 2017
D;01;02;2;  50;  1950;  1873;  1950;  1727;1.355;2074.0;Mon Jun  5 14:24:46 2017
D;01;02;2;  50;  1960;  1883;  1960;  1717;1.355;2073.8;Mon Jun  5 14:24:56 2017
D;01;02;2;  50;  1980;  1903;  1980;  1697;1.355;2073.6;Mon Jun  5 14:25:16 2017
D;01;02;2;  50;  1990;  1913;  1990;  1687;1.354;2073.4;Mon Jun  5 14:25:26 2017
D;01;02;2;  50;  2000;  1923;  2000;  1677;1.355;2073.3;Mon Jun  5 14:25:36 2017
D;01;02;2;  50;  2010;  1933;  2010;  1667;1.354;2073.2;Mon Jun  5 14:25:46 2017
D;01;02;2;  50;  2020;  1943;  2020;  1657;1.355;2073.0;Mon Jun  5 14:25:56 2017
D;01;02;2;  50;  2030;  1953;  2030;  1647;1.354;2072.9;Mon Jun  5 14:26:06 2017
D;01;02;2;  50;  2040;  1963;  2040;  1637;1.355;2072.7;Mon Jun  5 14:26:16 2017
D;01;02;2;  50;  2050;  1973;  2050;  1627;1.354;2072.6;Mon Jun  5 14:26:26 2017
D;01;02;2;  50;  2060;  1983;  2060;  1617;1.355;2072.5;Mon Jun  5 14:26:36 2017
D;01;02;2;  50;  2070;  1993;  2070;  1607;1.354;2072.3;Mon Jun  5 14:26:46 2017
D;01;02;2;  50;  2080;  2003;  2080;  1597;1.354;2072.2;Mon Jun  5 14:26:56 2017
D;01;02;2;  50;  2090;  2013;  2090;  1587;1.354;2072.0;Mon Jun  5 14:27:06 2017
D;01;02;2;  50;  2100;  2023;  2100;  1577;1.354;2071.9;Mon Jun  5 14:27:16 2017
D;01;02;2;  50;  2110;  2033;  2110;  1567;1.354;2071.8;Mon Jun  5 14:27:26 2017
D;01;02;2;  50;  2120;  2043;  2120;  1557;1.354;2071.6;Mon Jun  5 14:27:36 2017
D;01;02;2;  50;  2130;  2053;  2130;  1547;1.354;2071.5;Mon Jun  5 14:27:46 2017
D;01;02;2;  50;  2140;  2063;  2140;  1537;1.354;2071.3;Mon Jun  5 14:27:56 2017
D;01;02;2;  50;  2150;  2073;  2150;  1527;1.354;2071.2;Mon Jun  5 14:28:06 2017
D;01;02;2;  50;  2160;  2083;  2160;  1517;1.353;2071.1;Mon Jun  5 14:28:16 2017
D;01;02;2;  50;  2170;  2093;  2170;  1507;1.353;2070.9;Mon Jun  5 14:28:26 2017
D;01;02;2;  50;  2180;  2103;  2180;  1497;1.353;2070.8;Mon Jun  5 14:28:36 2017
D;01;02;2;  50;  2190;  2113;  2190;  1487;1.353;2070.7;Mon Jun  5 14:28:46 2017
D;01;02;2;  50;  2200;  2123;  2200;  1477;1.353;2070.5;Mon Jun  5 14:28:56 2017
D;01;02;2;  50;  2210;  2133;  2210;  1467;1.353;2070.4;Mon Jun  5 14:29:06 2017
D;01;02;2;  50;  2220;  2143;  2220;  1457;1.353;2070.2;Mon Jun  5 14:29:16 2017
D;01;02;2;  50;  2230;  2153;  2230;  1447;1.353;2070.1;Mon Jun  5 14:29:26 2017
D;01;02;2;  50;  2240;  2163;  2240;  1437;1.353;2070.0;Mon Jun  5 14:29:36 2017
D;01;02;2;  50;  2250;  2173;  2250;  1427;1.353;2069.8;Mon Jun  5 14:29:46 2017
D;01;02;2;  50;  2260;  2183;  2260;  1417;1.353;2069.7;Mon Jun  5 14:29:56 2017
D;01;02;2;  50;  2270;  2193;  2270;  1407;1.353;2069.5;Mon Jun  5 14:30:06 2017
D;01;02;2;  50;  2280;  2203;  2280;  1397;1.352;2069.4;Mon Jun  5 14:30:16 2017
D;01;02;2;  50;  2290;  2213;  2290;  1387;1.353;2069.3;Mon Jun  5 14:30:26 2017
D;01;02;2;  50;  2300;  2223;  2300;  1377;1.353;2069.1;Mon Jun  5 14:30:36 2017
D;01;02;2;  50;  2310;  2233;  2310;  1367;1.353;2069.0;Mon Jun  5 14:30:46 2017
D;01;02;2;  50;  2320;  2243;  2320;  1357;1.352;2068.8;Mon Jun  5 14:30:56 2017
D;01;02;2;  50;  2330;  2253;  2330;  1347;1.353;2068.7;Mon Jun  5 14:31:06 2017
D;01;02;2;  50;  2340;  2263;  2340;  1337;1.352;2068.6;Mon Jun  5 14:31:16 2017
D;01;02;2;  50;  2350;  2273;  2350;  1327;1.352;2068.4;Mon Jun  5 14:31:26 2017
D;01;02;2;  50;  2360;  2283;  2360;  1317;1.352;2068.3;Mon Jun  5 14:31:36 2017
D;01;02;2;  50;  2370;  2293;  2370;  1307;1.352;2068.2;Mon Jun  5 14:31:46 2017
D;01;02;2;  50;  2380;  2303;  2380;  1297;1.352;2068.0;Mon Jun  5 14:31:56 2017
D;01;02;2;  50;  2390;  2313;  2390;  1287;1.352;2067.9;Mon Jun  5 14:32:06 2017
D;01;02;2;  50;  2400;  2323;  2400;  1277;1.352;2067.7;Mon Jun  5 14:32:16 2017
D;01;02;2;  50;  2410;  2333;  2410;  1267;1.352;2067.6;Mon Jun  5 14:32:26 2017
D;01;02;2;  50;  2420;  2343;  2420;  1257;1.353;2067.5;Mon Jun  5 14:32:36 2017
D;01;02;2;  50;  2430;  2353;  2430;  1247;1.353;2067.3;Mon Jun  5 14:32:46 2017
D;01;02;2;  50;  2440;  2363;  2440;  1237;1.352;2067.2;Mon Jun  5 14:32:56 2017
D;01;02;2;  50;  2450;  2373;  2450;  1227;1.352;2067.0;Mon Jun  5 14:33:06 2017
D;01;02;2;  50;  2460;  2383;  2460;  1217;1.352;2066.9;Mon Jun  5 14:33:16 2017
D;01;02;2;  50;  2470;  2393;  2470;  1207;1.351;2066.8;Mon Jun  5 14:33:26 2017
D;01;02;2;  50;  2480;  2403;  2480;  1197;1.352;2066.6;Mon Jun  5 14:33:36 2017
D;01;02;2;  50;  2490;  2413;  2490;  1187;1.351;2066.5;Mon Jun  5 14:33:46 2017
D;01;02;2;  50;  2500;  2423;  2500;  1177;1.352;2066.3;Mon Jun  5 14:33:56 2017
D;01;02;2;  50;  2510;  2433;  2510;  1167;1.351;2066.2;Mon Jun  5 14:34:06 2017
D;01;02;2;  50;  2520;  2443;  2520;  1157;1.352;2066.1;Mon Jun  5 14:34:16 2017
D;01;02;2;  50;  2530;  2453;  2530;  1147;1.351;2065.9;Mon Jun  5 14:34:26 2017
D;01;02;2;  50;  2540;  2463;  2540;  1137;1.352;2065.8;Mon Jun  5 14:34:36 2017
D;01;02;2;  50;  2550;  2473;  2550;  1127;1.351;2065.7;Mon Jun  5 14:34:46 2017
D;01;02;2;  50;  2560;  2483;  2560;  1117;1.352;2065.5;Mon Jun  5 14:34:56 2017
D;01;02;2;  50;  2570;  2493;  2570;  1107;1.351;2065.4;Mon Jun  5 14:35:06 2017
D;01;02;2;  50;  2580;  2503;  2580;  1097;1.352;2065.2;Mon Jun  5 14:35:16 2017
D;01;02;2;  50;  2590;  2513;  2590;  1087;1.352;2065.1;Mon Jun  5 14:35:26 2017
D;01;02;2;  50;  2600;  2523;  2600;  1077;1.352;2065.0;Mon Jun  5 14:35:36 2017
D;01;02;2;  50;  2610;  2533;  2610;  1067;1.352;2064.8;Mon Jun  5 14:35:46 2017
D;01;02;2;  50;  2620;  2543;  2620;  1057;1.352;2064.7;Mon Jun  5 14:35:56 2017
D;01;02;2;  50;  2630;  2553;  2630;  1047;1.351;2064.5;Mon Jun  5 14:36:06 2017
D;01;02;2;  50;  2650;  2573;  2650;  1027;1.351;2064.3;Mon Jun  5 14:36:26 2017
D;01;02;2;  50;  2660;  2583;  2660;  1017;1.350;2064.1;Mon Jun  5 14:36:36 2017
D;01;02;2;  50;  2670;  2593;  2670;  1007;1.351;2064.0;Mon Jun  5 14:36:46 2017
D;01;02;2;  50;  2680;  2603;  2680;   997;1.350;2063.8;Mon Jun  5 14:36:56 2017
D;01;02;2;  50;  2690;  2613;  2690;   987;1.351;2063.7;Mon Jun  5 14:37:06 2017
D;01;02;2;  50;  2700;  2623;  2700;   977;1.350;2063.6;Mon Jun  5 14:37:16 2017
D;01;02;2;  50;  2710;  2633;  2710;   967;1.351;2063.4;Mon Jun  5 14:37:26 2017
D;01;02;2;  50;  2720;  2643;  2720;   957;1.350;2063.3;Mon Jun  5 14:37:36 2017
D;01;02;2;  50;  2730;  2653;  2730;   947;1.351;2063.2;Mon Jun  5 14:37:46 2017
D;01;02;2;  50;  2740;  2663;  2740;   937;1.350;2063.0;Mon Jun  5 14:37:56 2017
D;01;02;2;  50;  2750;  2673;  2750;   927;1.351;2062.9;Mon Jun  5 14:38:06 2017
D;01;02;2;  50;  2770;  2693;  2770;   907;1.350;2062.6;Mon Jun  5 14:38:26 2017
D;01;02;2;  50;  2780;  2703;  2780;   897;1.350;2062.5;Mon Jun  5 14:38:36 2017
D;01;02;2;  50;  2790;  2713;  2790;   887;1.350;2062.3;Mon Jun  5 14:38:46 2017
D;01;02;2;  50;  2800;  2723;  2800;   877;1.350;2062.2;Mon Jun  5 14:38:56 2017
D;01;02;2;  50;  2810;  2733;  2810;   867;1.350;2062.0;Mon Jun  5 14:39:06 2017
D;01;02;2;  50;  2820;  2743;  2820;   857;1.350;2061.9;Mon Jun  5 14:39:16 2017
D;01;02;2;  50;  2830;  2753;  2830;   847;1.350;2061.8;Mon Jun  5 14:39:26 2017
D;01;02;2;  50;  2840;  2763;  2840;   837;1.350;2061.6;Mon Jun  5 14:39:36 2017
D;01;02;2;  50;  2850;  2773;  2850;   827;1.350;2061.5;Mon Jun  5 14:39:46 2017
D;01;02;2;  50;  2860;  2783;  2860;   817;1.350;2061.3;Mon Jun  5 14:39:56 2017
D;01;02;2;  50;  2870;  2793;  2870;   807;1.349;2061.2;Mon Jun  5 14:40:06 2017
D;01;02;2;  50;  2890;  2813;  2890;   787;1.350;2060.9;Mon Jun  5 14:40:26 2017
D;01;02;2;  50;  2900;  2823;  2900;   777;1.350;2060.8;Mon Jun  5 14:40:36 2017
D;01;02;2;  50;  2910;  2833;  2910;   767;1.349;2060.7;Mon Jun  5 14:40:46 2017
D;01;02;2;  50;  2920;  2843;  2920;   757;1.350;2060.5;Mon Jun  5 14:40:56 2017
D;01;02;2;  50;  2930;  2853;  2930;   747;1.349;2060.4;Mon Jun  5 14:41:06 2017
D;01;02;2;  50;  2940;  2863;  2940;   737;1.350;2060.2;Mon Jun  5 14:41:16 2017
D;01;02;2;  50;  2950;  2873;  2950;   727;1.349;2060.1;Mon Jun  5 14:41:26 2017
D;01;02;2;  50;  2960;  2883;  2960;   717;1.350;2060.0;Mon Jun  5 14:41:36 2017
D;01;02;2;  50;  2970;  2893;  2970;   707;1.349;2059.8;Mon Jun  5 14:41:46 2017
D;01;02;2;  50;  2980;  2903;  2980;   697;1.350;2059.7;Mon Jun  5 14:41:56 2017
D;01;02;2;  50;  2990;  2913;  2990;   687;1.349;2059.5;Mon Jun  5 14:42:06 2017
D;01;02;2;  50;  3000;  2923;  3000;   677;1.349;2059.4;Mon Jun  5 14:42:16 2017
D;01;02;2;  50;  3010;  2933;  3010;   667;1.349;2059.3;Mon Jun  5 14:42:26 2017
D;01;02;2;  50;  3020;  2943;  3020;   657;1.349;2059.1;Mon Jun  5 14:42:36 2017
D;01;02;2;  50;  3030;  2953;  3030;   647;1.347;2059.0;Mon Jun  5 14:42:46 2017
D;01;02;2;  50;  3040;  2963;  3040;   637;1.349;2058.8;Mon Jun  5 14:42:56 2017
D;01;02;2;  50;  3050;  2973;  3050;   627;1.349;2058.7;Mon Jun  5 14:43:06 2017
D;01;02;2;  50;  3060;  2983;  3060;   617;1.349;2058.6;Mon Jun  5 14:43:16 2017
D;01;02;2;  50;  3070;  2993;  3070;   607;1.349;2058.4;Mon Jun  5 14:43:26 2017
D;01;02;2;  50;  3080;  3003;  3080;   597;1.349;2058.3;Mon Jun  5 14:43:36 2017
D;01;02;2;  50;  3090;  3013;  3090;   587;1.349;2058.2;Mon Jun  5 14:43:46 2017
D;01;02;2;  50;  3100;  3023;  3100;   577;1.349;2058.0;Mon Jun  5 14:43:56 2017
D;01;02;2;  50;  3110;  3033;  3110;   567;1.349;2057.9;Mon Jun  5 14:44:06 2017
D;01;02;2;  50;  3120;  3043;  3120;   557;1.349;2057.7;Mon Jun  5 14:44:16 2017
D;01;02;2;  50;  3130;  3053;  3130;   547;1.349;2057.6;Mon Jun  5 14:44:26 2017
D;01;02;2;  50;  3140;  3063;  3140;   537;1.347;2057.5;Mon Jun  5 14:44:36 2017
D;01;02;2;  50;  3150;  3073;  3150;   527;1.349;2057.3;Mon Jun  5 14:44:46 2017
D;01;02;2;  50;  3160;  3083;  3160;   517;1.347;2057.2;Mon Jun  5 14:44:56 2017
D;01;02;2;  50;  3170;  3093;  3170;   507;1.349;2057.0;Mon Jun  5 14:45:06 2017
D;01;02;2;  50;  3180;  3103;  3180;   497;1.347;2056.9;Mon Jun  5 14:45:16 2017
D;01;02;2;  50;  3190;  3113;  3190;   487;1.349;2056.8;Mon Jun  5 14:45:26 2017
D;01;02;2;  50;  3200;  3123;  3200;   477;1.347;2056.6;Mon Jun  5 14:45:36 2017
D;01;02;2;  50;  3210;  3133;  3210;   467;1.347;2056.5;Mon Jun  5 14:45:46 2017
D;01;02;2;  50;  3220;  3143;  3220;   457;1.346;2056.3;Mon Jun  5 14:45:56 2017
D;01;02;2;  50;  3230;  3153;  3230;   447;1.347;2056.2;Mon Jun  5 14:46:06 2017
D;01;02;2;  50;  3240;  3163;  3240;   437;1.346;2056.1;Mon Jun  5 14:46:16 2017
D;01;02;2;  50;  3250;  3173;  3250;   427;1.347;2055.9;Mon Jun  5 14:46:26 2017
D;01;02;2;  50;  3260;  3183;  3260;   417;1.347;2055.8;Mon Jun  5 14:46:36 2017
D;01;02;2;  50;  3270;  3193;  3270;   407;1.347;2055.7;Mon Jun  5 14:46:46 2017
D;01;02;2;  50;  3280;  3203;  3280;   397;1.347;2055.5;Mon Jun  5 14:46:56 2017
D;01;02;2;  50;  3290;  3213;  3290;   387;1.347;2055.4;Mon Jun  5 14:47:06 2017
D;01;02;2;  50;  3300;  3223;  3300;   377;1.347;2055.2;Mon Jun  5 14:47:16 2017
D;01;02;2;  50;  3310;  3233;  3310;   367;1.347;2055.1;Mon Jun  5 14:47:26 2017
D;01;02;2;  50;  3320;  3243;  3320;   357;1.347;2055.0;Mon Jun  5 14:47:36 2017
D;01;02;2;  50;  3330;  3253;  3330;   347;1.346;2054.8;Mon Jun  5 14:47:46 2017
D;01;02;2;  50;  3340;  3263;  3340;   337;1.347;2054.7;Mon Jun  5 14:47:56 2017
D;01;02;2;  50;  3350;  3273;  3350;   327;1.346;2054.5;Mon Jun  5 14:48:06 2017
D;01;02;2;  50;  3360;  3283;  3360;   317;1.347;2054.4;Mon Jun  5 14:48:16 2017
D;01;02;2;  50;  3370;  3293;  3370;   307;1.346;2054.3;Mon Jun  5 14:48:26 2017
D;01;02;2;  50;  3380;  3303;  3380;   297;1.346;2054.1;Mon Jun  5 14:48:36 2017
D;01;02;2;  50;  3390;  3313;  3390;   287;1.346;2054.0;Mon Jun  5 14:48:46 2017
D;01;02;2;  50;  3400;  3323;  3400;   277;1.346;2053.8;Mon Jun  5 14:48:56 2017
D;01;02;2;  50;  3410;  3333;  3410;   267;1.346;2053.7;Mon Jun  5 14:49:06 2017
D;01;02;2;  50;  3420;  3343;  3420;   257;1.347;2053.6;Mon Jun  5 14:49:16 2017
D;01;02;2;  50;  3430;  3353;  3430;   247;1.347;2053.4;Mon Jun  5 14:49:26 2017
D;01;02;2;  50;  3440;  3363;  3440;   237;1.347;2053.3;Mon Jun  5 14:49:36 2017
D;01;02;2;  50;  3450;  3373;  3450;   227;1.346;2053.2;Mon Jun  5 14:49:46 2017
D;01;02;2;  50;  3460;  3383;  3460;   217;1.347;2053.0;Mon Jun  5 14:49:56 2017
D;01;02;2;  50;  3470;  3393;  3470;   207;1.346;2052.9;Mon Jun  5 14:50:06 2017
D;01;02;2;  50;  3480;  3403;  3480;   197;1.346;2052.7;Mon Jun  5 14:50:16 2017
D;01;02;2;  50;  3490;  3413;  3490;   187;1.346;2052.6;Mon Jun  5 14:50:26 2017
D;01;02;2;  50;  3500;  3423;  3500;   177;1.345;2052.5;Mon Jun  5 14:50:36 2017
D;01;02;2;  50;  3510;  3433;  3510;   167;1.345;2052.3;Mon Jun  5 14:50:46 2017
D;01;02;2;  50;  3520;  3443;  3520;   157;1.345;2052.2;Mon Jun  5 14:50:56 2017
D;01;02;2;  50;  3530;  3453;  3530;   147;1.345;2052.0;Mon Jun  5 14:51:06 2017
D;01;02;2;  50;  3540;  3463;  3540;   137;1.345;2051.9;Mon Jun  5 14:51:16 2017
D;01;02;2;  50;  3550;  3473;  3550;   127;1.346;2051.8;Mon Jun  5 14:51:26 2017
D;01;02;2;  50;  3560;  3483;  3560;   117;1.345;2051.6;Mon Jun  5 14:51:36 2017
D;01;02;2;  50;  3570;  3493;  3570;   107;1.346;2051.5;Mon Jun  5 14:51:46 2017
D;01;02;2;  50;  3580;  3503;  3580;    97;1.345;2051.3;Mon Jun  5 14:51:56 2017
D;01;02;2;  50;  3590;  3513;  3590;    87;1.345;2051.2;Mon Jun  5 14:52:06 2017
D;01;02;2;  50;  3600;  3523;  3600;    77;1.345;2051.1;Mon Jun  5 14:52:16 2017
D;01;02;2;  50;  3610;  3533;  3610;    67;1.346;2050.9;Mon Jun  5 14:52:26 2017
D;01;02;2;  50;  3620;  3543;  3620;    57;1.345;2050.8;Mon Jun  5 14:52:36 2017
D;01;02;2;  50;  3630;  3553;  3630;    47;1.345;2050.7;Mon Jun  5 14:52:46 2017
D;01;02;2;  50;  3640;  3563;  3640;    37;1.345;2050.5;Mon Jun  5 14:52:56 2017
D;01;02;2;  50;  3650;  3573;  3650;    27;1.345;2050.4;Mon Jun  5 14:53:06 2017
D;01;02;2;  50;  3660;  3583;  3660;    17;1.345;2050.2;Mon Jun  5 14:53:16 2017
D;01;02;2;  50;  3670;  3593;  3670;     7;1.344;2050.1;Mon Jun  5 14:53:26 2017
C;01;03;2;   0;  3680;     2;  3680;   598;1.352;2050.0;Mon Jun  5 14:53:36 2017
C;01;03;2;   0;  3690;    12;  3690;   588;1.352;2050.0;Mon Jun  5 14:53:46 2017
C;01;03;2;   0;  3700;    22;  3700;   578;1.352;2050.0;Mon Jun  5 14:53:56 2017
C;01;03;2;   0;  3710;    32;  3710;   568;1.353;2050.0;Mon Jun  5 14:54:06 2017
C;01;03;2;   0;  3720;    42;  3720;   558;1.353;2050.0;Mon Jun  5 14:54:16 2017
C;01;03;2;   0;  3730;    52;  3730;   548;1.353;2050.0;Mon Jun  5 14:54:26 2017
C;01;03;2;   0;  3740;    62;  3740;   538;1.354;2050.0;Mon Jun  5 14:54:36 2017
C;01;03;2;   0;  3750;    72;  3750;   528;1.353;2050.0;Mon Jun  5 14:54:46 2017
C;01;03;2;   0;  3760;    82;  3760;   518;1.354;2050.0;Mon Jun  5 14:54:56 2017
C;01;03;2;   0;  3770;    92;  3770;   508;1.353;2050.0;Mon Jun  5 14:55:06 2017
C;01;03;2;   0;  3780;   102;  3780;   498;1.354;2050.0;Mon Jun  5 14:55:16 2017
C;01;03;2;   0;  3800;   122;  3800;   478;1.354;2050.0;Mon Jun  5 14:55:36 2017
C;01;03;2;   0;  3810;   132;  3810;   468;1.353;2050.0;Mon Jun  5 14:55:46 2017
C;01;03;2;   0;  3820;   142;  3820;   458;1.354;2050.0;Mon Jun  5 14:55:56 2017
C;01;03;2;   0;  3830;   152;  3830;   448;1.354;2050.0;Mon Jun  5 14:56:06 2017
C;01;03;2;   0;  3840;   162;  3840;   438;1.355;2050.0;Mon Jun  5 14:56:16 2017
C;01;03;2;   0;  3850;   172;  3850;   428;1.354;2050.0;Mon Jun  5 14:56:26 2017
C;01;03;2;   0;  3860;   182;  3860;   418;1.354;2050.0;Mon Jun  5 14:56:36 2017
C;01;03;2;   0;  3870;   192;  3870;   408;1.354;2050.0;Mon Jun  5 14:56:46 2017
C;01;03;2;   0;  3880;   202;  3880;   398;1.354;2050.0;Mon Jun  5 14:56:56 2017
C;01;03;2;   0;  3890;   212;  3890;   388;1.354;2050.0;Mon Jun  5 14:57:06 2017
C;01;03;2;   0;  3900;   222;  3900;   378;1.354;2050.0;Mon Jun  5 14:57:16 2017
C;01;03;2;   0;  3920;   242;  3920;   358;1.354;2050.0;Mon Jun  5 14:57:36 2017
C;01;03;2;   0;  3930;   252;  3930;   348;1.355;2050.0;Mon Jun  5 14:57:46 2017
C;01;03;2;   0;  3940;   262;  3940;   338;1.355;2050.0;Mon Jun  5 14:57:56 2017
C;01;03;2;   0;  3950;   272;  3950;   328;1.355;2050.0;Mon Jun  5 14:58:06 2017
C;01;03;2;   0;  3960;   282;  3960;   318;1.355;2050.0;Mon Jun  5 14:58:16 2017
C;01;03;2;   0;  3970;   292;  3970;   308;1.355;2050.0;Mon Jun  5 14:58:26 2017
C;01;03;2;   0;  3980;   302;  3980;   298;1.354;2050.0;Mon Jun  5 14:58:36 2017
C;01;03;2;   0;  3990;   312;  3990;   288;1.355;2050.0;Mon Jun  5 14:58:46 2017
C;01;03;2;   0;  4000;   322;  4000;   278;1.354;2050.0;Mon Jun  5 14:58:56 2017
C;01;03;2;   0;  4010;   332;  4010;   268;1.355;2050.0;Mon Jun  5 14:59:06 2017
C;01;03;2;   0;  4020;   342;  4020;   258;1.355;2050.0;Mon Jun  5 14:59:16 2017
C;01;03;2;   0;  4030;   352;  4030;   248;1.355;2050.0;Mon Jun  5 14:59:26 2017
C;01;03;2;   0;  4040;   362;  4040;   238;1.355;2050.0;Mon Jun  5 14:59:36 2017
C;01;03;2;   0;  4050;   372;  4050;   228;1.355;2050.0;Mon Jun  5 14:59:46 2017
C;01;03;2;   0;  4060;   382;  4060;   218;1.355;2050.0;Mon Jun  5 14:59:56 2017
C;01;03;2;   0;  4070;   392;  4070;   208;1.356;2050.0;Mon Jun  5 15:00:06 2017
C;01;03;2;   0;  4080;   402;  4080;   198;1.355;2050.0;Mon Jun  5 15:00:16 2017
C;01;03;2;   0;  4090;   412;  4090;   188;1.356;2050.0;Mon Jun  5 15:00:26 2017
C;01;03;2;   0;  4100;   422;  4100;   178;1.356;2050.0;Mon Jun  5 15:00:36 2017
C;01;03;2;   0;  4110;   432;  4110;   168;1.356;2050.0;Mon Jun  5 15:00:46 2017
C;01;03;2;   0;  4120;   442;  4120;   158;1.356;2050.0;Mon Jun  5 15:00:56 2017
C;01;03;2;   0;  4130;   452;  4130;   148;1.356;2050.0;Mon Jun  5 15:01:06 2017
C;01;03;2;   0;  4140;   462;  4140;   138;1.356;2050.0;Mon Jun  5 15:01:16 2017
C;01;03;2;   0;  4150;   472;  4150;   128;1.356;2050.0;Mon Jun  5 15:01:26 2017
C;01;03;2;   0;  4160;   482;  4160;   118;1.356;2050.0;Mon Jun  5 15:01:36 2017
C;01;03;2;   0;  4170;   492;  4170;   108;1.355;2050.0;Mon Jun  5 15:01:46 2017
C;01;03;2;   0;  4180;   502;  4180;    98;1.356;2050.0;Mon Jun  5 15:01:56 2017
C;01;03;2;   0;  4190;   512;  4190;    88;1.355;2050.0;Mon Jun  5 15:02:06 2017
C;01;03;2;   0;  4200;   522;  4200;    78;1.356;2050.0;Mon Jun  5 15:02:16 2017
C;01;03;2;   0;  4210;   532;  4210;    68;1.356;2050.0;Mon Jun  5 15:02:26 2017
C;01;03;2;   0;  4220;   542;  4220;    58;1.356;2050.0;Mon Jun  5 15:02:36 2017
C;01;03;2;   0;  4230;   552;  4230;    48;1.356;2050.0;Mon Jun  5 15:02:46 2017
C;01;03;2;   0;  4240;   562;  4240;    38;1.356;2050.0;Mon Jun  5 15:02:56 2017
C;01;03;2;   0;  4250;   572;  4250;    28;1.355;2050.0;Mon Jun  5 15:03:06 2017
C;01;03;2;   0;  4260;   582;  4260;    18;1.356;2050.0;Mon Jun  5 15:03:16 2017
C;01;03;2;   0;  4270;   592;  4270;     8;1.355;2050.0;Mon Jun  5 15:03:26 2017
